{
  "objects" : {
    "collections" : [ {
      "id" : "Samjna_Collection",
      "createdAt" : "2018-03-08T22:36:16.027Z",
      "searchClusterId" : "default",
      "commitWithin" : 10000,
      "solrParams" : {
        "name" : "Samjna_Collection",
        "numShards" : 2,
        "replicationFactor" : 1,
        "maxShardsPerNode" : 2
      },
      "type" : "DATA",
      "metadata" : { }
    }, {
      "id" : "Samjna_Collection_signals_aggr",
      "createdAt" : "2018-03-08T22:36:23.535Z",
      "searchClusterId" : "default",
      "commitWithin" : 10000,
      "solrParams" : {
        "name" : "Samjna_Collection_signals_aggr",
        "numShards" : 2,
        "replicationFactor" : 1,
        "maxShardsPerNode" : 2
      },
      "type" : "SIGNALS_AGGREGATION",
      "relatedCollectionId" : "Samjna_Collection",
      "metadata" : { }
    }, {
      "id" : "Samjna_Collection_signals",
      "createdAt" : "2018-03-08T22:36:19.704Z",
      "searchClusterId" : "default",
      "commitWithin" : 10000,
      "solrParams" : {
        "name" : "Samjna_Collection_signals",
        "numShards" : 2,
        "replicationFactor" : 1,
        "maxShardsPerNode" : 2,
        "configTemplate" : "solr/conf/insights.zip"
      },
      "type" : "SIGNALS",
      "relatedCollectionId" : "Samjna_Collection",
      "metadata" : { }
    } ],
    "indexPipelines" : [ {
      "id" : "Samjna_Collection",
      "stages" : [ {
        "type" : "field-mapping",
        "id" : "94237524-476a-4431-84e2-a4a9fe548b91",
        "mappings" : [ {
          "source" : "og:image",
          "target" : "image_s",
          "operation" : "move"
        } ],
        "unmapped" : {
          "source" : "/(.*)/",
          "operation" : "keep"
        },
        "reservedFieldsMappingAllowed" : false,
        "type" : "field-mapping",
        "skip" : false,
        "licensed" : true,
        "secretSourceStageId" : "94237524-476a-4431-84e2-a4a9fe548b91"
      }, {
        "type" : "solr-dynamic-field-name-mapping",
        "id" : "da671b62-1a54-4ac0-9c45-44f54d369255",
        "duplicateSingleValuedFields" : false,
        "fieldsToExclude" : [ ],
        "advancedTextFieldsIndexing" : true,
        "maxTextLengthForAdvancedIndexing" : 100,
        "type" : "solr-dynamic-field-name-mapping",
        "skip" : false,
        "licensed" : true,
        "secretSourceStageId" : "da671b62-1a54-4ac0-9c45-44f54d369255"
      }, {
        "type" : "indexing-rpc",
        "id" : "pab",
        "mappingRules" : [ {
          "path" : "//outputs/data/concepts/name",
          "target" : "tags",
          "append" : true,
          "xml" : false
        } ],
        "debug" : false,
        "params" : {
          "uri" : "https://api.clarifai.com/v2/models/aaa03c23b3724a16a56b629203edc62c/outputs",
          "method" : "post",
          "queryParams" : { },
          "headers" : {
            "Authorization" : "Key c6de746c05d2417589ea19e458154f22",
            "Content-Type" : "application/json"
          },
          "entity" : "{\n  \"inputs\": [\n    {\n      \"data\": {\n        \"image\": {\n          \"url\": \"${image_s}\"\n        }\n      }\n    }\n  ]\n}"
        },
        "hasNoSideEffects" : false,
        "type" : "indexing-rpc",
        "skip" : false,
        "label" : "Clarifai General Network Query",
        "licensed" : true,
        "secretSourceStageId" : "pab"
      }, {
        "type" : "solr-index",
        "id" : "ed5fc017-dbbc-4ae5-a9e9-ad26e4182477",
        "enforceSchema" : true,
        "dateFormats" : [ ],
        "params" : [ ],
        "bufferDocsForSolr" : false,
        "type" : "solr-index",
        "skip" : false,
        "licensed" : true,
        "secretSourceStageId" : "ed5fc017-dbbc-4ae5-a9e9-ad26e4182477"
      } ],
      "properties" : {
        "secretSourcePipelineId" : "Samjna_Collection"
      }
    } ],
    "queryPipelines" : [ {
      "id" : "Samjna_Collection",
      "stages" : [ {
        "type" : "recommendation",
        "id" : "24b6fdfe-63d7-44fc-9beb-caf638f9a3ad",
        "numRecommendations" : 10,
        "numSignals" : 100,
        "aggrType" : "click@doc_id,filters,query",
        "boostId" : "id",
        "boostingMethod" : "query-param",
        "boostingParam" : "boost",
        "queryParams" : [ {
          "key" : "qf",
          "value" : "query_t"
        }, {
          "key" : "qf",
          "value" : "query_s^10"
        }, {
          "key" : "pf",
          "value" : "query_t^3"
        }, {
          "key" : "pf",
          "value" : "query_t~2^7"
        }, {
          "key" : "mm",
          "value" : "50%"
        }, {
          "key" : "defType",
          "value" : "edismax"
        }, {
          "key" : "sort",
          "value" : "score desc, weight_d desc"
        } ],
        "rollupField" : "doc_id_s",
        "rollupWeightField" : "weight_d",
        "type" : "recommendation",
        "skip" : false,
        "licensed" : true,
        "secretSourceStageId" : "24b6fdfe-63d7-44fc-9beb-caf638f9a3ad"
      }, {
        "type" : "search-fields",
        "id" : "bec36dea-022d-471a-8ed4-ccb4edee31f1",
        "rows" : 10,
        "start" : 0,
        "queryFields" : [ {
          "field" : "tags",
          "boost" : 20.0
        }, {
          "field" : "title_t",
          "boost" : 5.0
        }, {
          "field" : "description_t",
          "boost" : 5.0
        }, {
          "field" : "body_t"
        } ],
        "returnFields" : [ "*", "score" ],
        "type" : "search-fields",
        "skip" : false,
        "label" : "Image Tag Boosting",
        "licensed" : true,
        "secretSourceStageId" : "bec36dea-022d-471a-8ed4-ccb4edee31f1"
      }, {
        "type" : "facet",
        "id" : "186aad79-8fd7-44fd-8118-0fd8d869a2a2",
        "fieldFacets" : [ {
          "field" : "tags",
          "sort" : "count",
          "minCount" : 1,
          "missing" : false
        } ],
        "type" : "facet",
        "skip" : false,
        "licensed" : true,
        "secretSourceStageId" : "186aad79-8fd7-44fd-8118-0fd8d869a2a2"
      }, {
        "type" : "solr-query",
        "id" : "768651bd-5ee0-42d0-b89d-0dda726fff88",
        "allowedRequestHandlers" : [ ],
        "httpMethod" : "POST",
        "allowFederatedSearch" : false,
        "type" : "solr-query",
        "skip" : false,
        "licensed" : true,
        "secretSourceStageId" : "768651bd-5ee0-42d0-b89d-0dda726fff88"
      } ],
      "properties" : {
        "secretSourcePipelineId" : "Samjna_Collection"
      }
    } ],
    "features" : {
      "Samjna_Collection" : [ {
        "name" : "partitionByTime",
        "collectionId" : "Samjna_Collection",
        "params" : { },
        "enabled" : false
      }, {
        "name" : "signals",
        "collectionId" : "Samjna_Collection",
        "params" : { },
        "enabled" : true
      }, {
        "name" : "searchLogs",
        "collectionId" : "Samjna_Collection",
        "params" : { },
        "enabled" : true
      }, {
        "name" : "recommendations",
        "collectionId" : "Samjna_Collection",
        "params" : {
          "idField" : "id",
          "itemsForUser" : true,
          "itemsForQuery" : false,
          "itemsForItem" : true,
          "queriesForQuery" : false
        },
        "enabled" : false
      } ],
      "Samjna_Collection_signals_aggr" : [ {
        "name" : "partitionByTime",
        "collectionId" : "Samjna_Collection_signals_aggr",
        "params" : { },
        "enabled" : false
      }, {
        "name" : "signals",
        "collectionId" : "Samjna_Collection_signals_aggr",
        "params" : { },
        "enabled" : false
      }, {
        "name" : "searchLogs",
        "collectionId" : "Samjna_Collection_signals_aggr",
        "params" : { },
        "enabled" : false
      }, {
        "name" : "recommendations",
        "collectionId" : "Samjna_Collection_signals_aggr",
        "params" : {
          "idField" : "id",
          "itemsForUser" : true,
          "itemsForQuery" : false,
          "itemsForItem" : true,
          "queriesForQuery" : false
        },
        "enabled" : false
      } ],
      "Samjna_Collection_signals" : [ {
        "name" : "partitionByTime",
        "collectionId" : "Samjna_Collection_signals",
        "params" : { },
        "enabled" : false
      }, {
        "name" : "signals",
        "collectionId" : "Samjna_Collection_signals",
        "params" : { },
        "enabled" : false
      }, {
        "name" : "searchLogs",
        "collectionId" : "Samjna_Collection_signals",
        "params" : { },
        "enabled" : false
      }, {
        "name" : "recommendations",
        "collectionId" : "Samjna_Collection_signals",
        "params" : {
          "idField" : "id",
          "itemsForUser" : true,
          "itemsForQuery" : false,
          "itemsForItem" : true,
          "queriesForQuery" : false
        },
        "enabled" : false
      } ]
    },
    "indexProfiles" : {
      "Samjna_Collection" : [ {
        "id" : "Samjna_Collection",
        "indexPipeline" : "Samjna_Collection",
        "collection" : "Samjna_Collection",
        "params" : [ ]
      } ]
    },
    "queryProfiles" : {
      "Samjna_Collection" : [ {
        "id" : "Samjna_Collection",
        "queryPipeline" : "Samjna_Collection",
        "collection" : "Samjna_Collection",
        "searchHandler" : "/select"
      } ]
    },
    "parsers" : [ {
      "id" : "Samjna",
      "enableMediaTypeDetection" : true,
      "maxParserDepth" : 16,
      "parserStages" : [ {
        "type" : "archive",
        "enabled" : false,
        "mediaTypes" : [ ],
        "pathPatterns" : [ ],
        "errorHandling" : "mark",
        "id" : "82f45aa5-c2a4-4100-9543-791060608732",
        "alwaysDetect" : true,
        "inheritMediaTypes" : true,
        "outputFieldPrefix" : ""
      }, {
        "type" : "csv",
        "enabled" : false,
        "mediaTypes" : [ ],
        "pathPatterns" : [ ],
        "errorHandling" : "mark",
        "id" : "61208e83-a464-45a6-ab71-31d9d0d7d6a9",
        "charset" : "detect",
        "ignoreBOM" : false,
        "autoDetect" : true,
        "hasHeaders" : true,
        "headers" : [ ],
        "fillValue" : "<FILL>",
        "trimWhitespace" : true,
        "skipEmptyLines" : true,
        "includeRowNumber" : true,
        "commentHandling" : "ignore",
        "maxRowLength" : 10485760,
        "maxNumColumns" : 1000,
        "maxColumnChars" : 10485760,
        "columnHandling" : "default",
        "inheritMediaTypes" : true,
        "outputFieldPrefix" : ""
      }, {
        "type" : "json",
        "enabled" : false,
        "mediaTypes" : [ ],
        "pathPatterns" : [ ],
        "errorHandling" : "mark",
        "id" : "f80533ff-a380-48ec-8013-cb130a8b5680",
        "splitArrays" : true,
        "includePath" : false,
        "mappings" : [ ],
        "listHandling" : "multivalued",
        "inheritMediaTypes" : true,
        "outputFieldPrefix" : ""
      }, {
        "type" : "xml",
        "enabled" : false,
        "mediaTypes" : [ ],
        "pathPatterns" : [ ],
        "errorHandling" : "mark",
        "id" : "40c271ce-17df-4714-b367-7dd718aaf087",
        "rootPaths" : [ "/" ],
        "maxSize" : 65536,
        "listHandling" : "multivalued",
        "inheritMediaTypes" : true,
        "outputFieldPrefix" : ""
      }, {
        "type" : "html",
        "enabled" : false,
        "mediaTypes" : [ ],
        "pathPatterns" : [ ],
        "errorHandling" : "mark",
        "id" : "46dec777-8d00-43be-b144-37a85ed6a11c",
        "charset" : "detect",
        "mappings" : [ ],
        "keepParent" : true,
        "extractHtmlLinks" : false,
        "extractBodyText" : true,
        "metatagsPrefix" : "",
        "inheritMediaTypes" : true,
        "outputFieldPrefix" : ""
      }, {
        "type" : "text",
        "enabled" : false,
        "mediaTypes" : [ ],
        "pathPatterns" : [ ],
        "errorHandling" : "mark",
        "id" : "84d26aa4-247a-4325-9cf4-d777bb208653",
        "charset" : "detect",
        "ignoreBOM" : false,
        "maxLength" : 1048576,
        "maxLineLength" : 1048576,
        "outputField" : "body",
        "splitLines" : false,
        "skipEmptyLines" : false,
        "skipHeaderLines" : 0,
        "trimWhitespace" : false,
        "commentHandling" : "include",
        "comment" : "#",
        "commentField" : "comment",
        "inheritMediaTypes" : true,
        "outputFieldPrefix" : ""
      }, {
        "type" : "tika",
        "enabled" : true,
        "mediaTypes" : [ ],
        "pathPatterns" : [ ],
        "errorHandling" : "mark",
        "id" : "0ba6a63f-b210-477b-8694-3557766685ff",
        "includeImages" : false,
        "flattenCompound" : true,
        "addFailedDocs" : false,
        "addOriginalContent" : false,
        "contentEncoding" : "binary",
        "returnXml" : false,
        "keepOriginalStructure" : false,
        "extractHtmlLinks" : false,
        "extractOtherLinks" : false,
        "excludeContentTypes" : [ ],
        "zipBombCompressionRatio" : 200,
        "zipBombMaxDepth" : 200,
        "zipBombMaxPackageEntryDepth" : 20,
        "inheritMediaTypes" : true,
        "outputFieldPrefix" : ""
      }, {
        "type" : "fallback",
        "enabled" : true,
        "mediaTypes" : [ ],
        "pathPatterns" : [ ],
        "errorHandling" : "mark",
        "id" : "63d6f793-5a63-4d80-9d30-1e47f9cc6e97",
        "metadataOnly" : false,
        "maxBytesToKeep" : 1048576,
        "inheritMediaTypes" : true,
        "outputFieldPrefix" : ""
      } ],
      "editPanel" : { }
    } ],
    "objectGroups" : [ {
      "id" : "7de19982-bd1d-41c5-84cb-c1c9c8c6b1b9",
      "name" : "signals-Samjna_Collection",
      "isSystem" : true,
      "description" : "Collection 'Samjna_Collection' objects for signals support"
    } ],
    "links" : [ {
      "subject" : "index-profile:Samjna_Collection",
      "object" : "collection:Samjna_Collection",
      "linkType" : "relatesTo"
    }, {
      "subject" : "app:Samjna",
      "object" : "group:_shared",
      "linkType" : "relatesTo"
    }, {
      "subject" : "datasource:Etsy",
      "object" : "app:Samjna",
      "linkType" : "inContextOf"
    }, {
      "subject" : "index-pipeline:Samjna_Collection",
      "object" : "app:Samjna",
      "linkType" : "inContextOf"
    }, {
      "subject" : "group:7de19982-bd1d-41c5-84cb-c1c9c8c6b1b9",
      "object" : "spark:Samjna_Collection_click_signals_aggregation",
      "linkType" : "hasPart"
    }, {
      "subject" : "collection:Samjna_Collection",
      "object" : "app:Samjna",
      "linkType" : "inContextOf"
    }, {
      "subject" : "datasource:Etsy",
      "object" : "parser:Samjna",
      "linkType" : "dependsOn"
    }, {
      "subject" : "group:7de19982-bd1d-41c5-84cb-c1c9c8c6b1b9",
      "object" : "collection:Samjna_Collection",
      "linkType" : "relatesTo"
    }, {
      "subject" : "datasource:Etsy",
      "object" : "collection:Samjna_Collection",
      "linkType" : "relatesTo"
    }, {
      "subject" : "group:7de19982-bd1d-41c5-84cb-c1c9c8c6b1b9",
      "object" : "spark:Samjna_Collection_user_item_preferences_aggregation",
      "linkType" : "hasPart"
    }, {
      "subject" : "query-pipeline:Samjna_Collection",
      "object" : "app:Samjna",
      "linkType" : "inContextOf"
    }, {
      "subject" : "parser:Samjna",
      "object" : "app:Samjna",
      "linkType" : "inContextOf"
    }, {
      "subject" : "group:7de19982-bd1d-41c5-84cb-c1c9c8c6b1b9",
      "object" : "collection:Samjna_Collection_signals",
      "linkType" : "hasPart"
    }, {
      "subject" : "group:7de19982-bd1d-41c5-84cb-c1c9c8c6b1b9",
      "object" : "spark:Samjna_Collection_session_rollup",
      "linkType" : "hasPart"
    }, {
      "subject" : "index-profile:Samjna_Collection",
      "object" : "app:Samjna",
      "linkType" : "inContextOf"
    }, {
      "subject" : "group:7de19982-bd1d-41c5-84cb-c1c9c8c6b1b9",
      "object" : "collection:Samjna_Collection_signals_aggr",
      "linkType" : "hasPart"
    }, {
      "subject" : "query-profile:Samjna_Collection",
      "object" : "collection:Samjna_Collection",
      "linkType" : "relatesTo"
    }, {
      "subject" : "group:7de19982-bd1d-41c5-84cb-c1c9c8c6b1b9",
      "object" : "spark:Samjna_Collection_head_tail",
      "linkType" : "hasPart"
    }, {
      "subject" : "group:7de19982-bd1d-41c5-84cb-c1c9c8c6b1b9",
      "object" : "spark:Samjna_Collection_user_query_history_aggregation",
      "linkType" : "hasPart"
    } ],
    "sparkJobs" : [ {
      "type" : "headTailAnalysis",
      "id" : "Samjna_Collection_head_tail",
      "randomSeed" : 1234,
      "trainingCollection" : "Samjna_Collection_signals",
      "outputCollection" : "Samjna_Collection_signals_aggr",
      "overwriteOutput" : true,
      "trainingDataFilterQuery" : "type_s:click OR type_s:response",
      "fieldToVectorize" : "query_s",
      "trainingDataFrameConfigOptions" : { },
      "analyzerConfigQuery" : "{ \"analyzers\": [ { \"name\": \"StdTokLowerStem\",\"charFilters\": [ { \"type\": \"htmlstrip\" } ],\"tokenizer\": { \"type\": \"standard\" },\"filters\": [{ \"type\": \"lowercase\" },{ \"type\": \"englishminimalstem\" }] }],\"fields\": [{ \"regex\": \".+\", \"analyzer\": \"StdTokLowerStem\" } ]}",
      "countField" : "count_i",
      "mainType" : "click",
      "filterType" : "response",
      "signalTypeField" : "type_s",
      "minCountMain" : 1,
      "minCountFilter" : 20,
      "userHead" : -1.0,
      "userTail" : -1.0,
      "topQ" : [ 100.0, 0.01 ],
      "trafficPerc" : [ 0.25, 0.5, 0.75 ],
      "lastTraffic" : [ 0.01 ],
      "trafficCount" : [ 5.0 ],
      "overlapThreshold" : 4,
      "lenScale" : 6,
      "overlapNumBoost" : 10.0,
      "headQueryCntBoost" : 1.0,
      "tailRewrite" : true,
      "dataFormat" : "solr",
      "trainingDataSamplingFraction" : 1.0,
      "queryLenThreshold" : 2
    }, {
      "type" : "sql_template",
      "id" : "Samjna_Collection_user_item_preferences_aggregation",
      "inputCollection" : "Samjna_Collection_signals",
      "outputCollection" : "Samjna_Collection_signals_aggr",
      "sql" : "WITH signal_type_groups AS (\n    SELECT SUM(count_i) AS typed_aggr_count_i,\n           doc_id,\n           user_id,\n           type,\n           time_decay(count_i, timestamp_tdt) AS typed_weight_d\n      FROM ${inputCollection}\n     WHERE type IN (${signalTypes})\n  GROUP BY user_id, doc_id, type\n ) SELECT SUM(typed_aggr_count_i) AS aggr_count_i,\n          doc_id AS doc_id_s,\n          user_id AS user_id_s,\n          weighted_sum(typed_weight_d, type, '${signalTypeWeights}') AS weight_d\n     FROM signal_type_groups\n GROUP BY doc_id, user_id",
      "parameters" : [ {
        "key" : "signalTypeWeights",
        "value" : "click:1.0,cart:10.0,purchase:25.0"
      } ],
      "selectQuery" : "*:*",
      "sourceRemove" : false,
      "sourceCatchup" : true,
      "outputRollup" : true,
      "hiddenParameters" : [ {
        "key" : "signalTypes",
        "value" : "_regex/signalTypeWeights/([\\w\\-\\.]*):([\\d\\.\\-]*)(,|$)/'$1'$3/g"
      } ],
      "skipCheckEnabled" : true,
      "notes" : "Computes an aggregated weight for each user / item combination found in the signals collection. The weight for each group is computed using an exponential time-decay on signal count (30 day half-life) and a weighted sum based on the signal type. Use the 'signalTypeWeights' parameter to set the correct signal types and weights for your dataset. The results of this job can be used as input to the ALS recommendation job."
    }, {
      "type" : "sql_template",
      "id" : "Samjna_Collection_click_signals_aggregation",
      "inputCollection" : "Samjna_Collection_signals",
      "outputCollection" : "Samjna_Collection_signals_aggr",
      "sql" : "WITH sigs_with_filters AS (\n   SELECT c.query as query,\n          c.doc_id,\n          q.filters_s as filters,\n          c.type,\n          c.ref_time,\n          c.count_i,\n          c.timestamp_tdt,\n          c.weight_d\n     FROM ${inputCollection} c\n LEFT JOIN (SELECT id, filters_s FROM ${inputCollection} WHERE type='response') q ON q.id = c.fusion_query_id\n    WHERE c.type IN (${signalTypes})\n ), signal_type_groups AS (\n     SELECT SUM(count_i) AS typed_aggr_count_i,\n            query,\n            doc_id,\n            type,\n            filters,\n            time_decay(count_i, timestamp_tdt) AS typed_weight_d\n       FROM sigs_with_filters\n   GROUP BY doc_id, query, filters, type\n ) SELECT SUM(typed_aggr_count_i) AS aggr_count_i,\n          query AS query_s,\n          query AS query_t,\n          doc_id AS doc_id_s,\n          filters AS filters_s,\n          SPLIT(filters, ' \\\\$ ') AS filters_ss,\n          weighted_sum(typed_weight_d, type, '${signalTypeWeights}') AS weight_d\n     FROM signal_type_groups\n GROUP BY query, doc_id, filters",
      "rollupSql" : "SELECT query_s,\n          query_s as query_t,\n          doc_id_s,\n          filters_s,\n          first(aggr_type_s) AS aggr_type_s,\n          SPLIT(filters_s, ' \\\\$ ') AS filters_ss,\n          SUM(weight_d) AS weight_d,\n          SUM(aggr_count_i) AS aggr_count_i\n     FROM Samjna_Collection_signals_aggr\n GROUP BY query_s, doc_id_s, filters_s",
      "parameters" : [ {
        "key" : "signalTypeWeights",
        "value" : "click:1.0,cart:10.0,purchase:25.0"
      } ],
      "selectQuery" : "*:*",
      "sourceRemove" : false,
      "sourceCatchup" : true,
      "outputRollup" : true,
      "hiddenParameters" : [ {
        "key" : "signalTypes",
        "value" : "_regex/signalTypeWeights/([\\w\\-\\.]*):([\\d\\.\\-]*)(,|$)/'$1'$3/g"
      }, {
        "key" : "optimizeOutput",
        "value" : "4"
      } ],
      "skipCheckEnabled" : true,
      "notes" : "Computes an aggregated weight for each query / item combination found in the signals collection. The weight for each group is computed using an exponential time-decay on signal count (30 day half-life) and a weighted sum based on the signal type. Use the 'signalTypeWeights' parameter to set the correct signal types and weights for your dataset. The results of this job can be used to boost documents at query time using the boosting stage."
    }, {
      "type" : "sql_template",
      "id" : "Samjna_Collection_user_query_history_aggregation",
      "inputCollection" : "Samjna_Collection_signals",
      "outputCollection" : "Samjna_Collection_signals_aggr",
      "sql" : "WITH signal_type_groups AS (\n    SELECT SUM(count_i) AS typed_aggr_count_i,\n           user_id,\n           query,\n           type,\n           time_decay(count_i, timestamp_tdt) AS typed_weight_d\n      FROM ${inputCollection}\n     WHERE type IN (${signalTypes})\n  GROUP BY query, user_id, type\n ) SELECT SUM(typed_aggr_count_i) AS aggr_count_i,\n          user_id AS user_id_s,\n          query AS query_s,\n          weighted_sum(typed_weight_d, type, '${signalTypeWeights}') AS weight_d\n     FROM signal_type_groups\n GROUP BY user_id, query",
      "parameters" : [ {
        "key" : "signalTypeWeights",
        "value" : "click:1.0,cart:10.0,purchase:25.0"
      } ],
      "selectQuery" : "*:*",
      "sourceRemove" : false,
      "sourceCatchup" : true,
      "outputRollup" : true,
      "hiddenParameters" : [ {
        "key" : "signalTypes",
        "value" : "_regex/signalTypeWeights/([\\w\\-\\.]*):([\\d\\.\\-]*)(,|$)/'$1'$3/g"
      } ],
      "skipCheckEnabled" : true,
      "notes" : "Computes an aggregated weight for each user / query combination found in the signals collection. The weight for each group is computed using an exponential time-decay on signal count (30 day half-life) and a weighted sum based on the signal type. Use the 'signalTypeWeights' parameter to set the correct signal types and weights for your dataset. The results of this job can be used to boost queries for a user based on their past queries."
    }, {
      "type" : "sql_template",
      "id" : "Samjna_Collection_session_rollup",
      "inputCollection" : "Samjna_Collection_signals",
      "outputCollection" : "Samjna_Collection_signals",
      "sql" : "SELECT COUNT(1) AS activity_count,\n            MIN(timestamp_tdt) AS start,\n            MAX(timestamp_tdt) AS end,\n            timediff(MAX(timestamp_tdt), MIN(timestamp_tdt), \"MINUTES\") AS duration,\n            'session' AS type,\n            first(user_id) AS user,\n            session_keywords(query) AS keywords,\n            session\n       FROM ${inputCollection}\n      WHERE timestamp_tdt IS NOT NULL AND type != 'session' AND session IS NOT NULL AND session NOT IN (SELECT session FROM ${inputCollection} WHERE type = 'session' AND session IS NOT NULL)\n   GROUP BY session\n     HAVING timediff(current_timestamp(), MAX(timestamp_tdt), \"SECONDS\") >= ${elapsedSecsSinceLastActivity} OR timediff(current_timestamp(), MIN(timestamp_tdt), \"SECONDS\") >= ${elapsedSecsSinceSessionStart}",
      "parameters" : [ {
        "key" : "elapsedSecsSinceLastActivity",
        "value" : "360"
      }, {
        "key" : "elapsedSecsSinceSessionStart",
        "value" : "3600"
      } ],
      "selectQuery" : "*:*",
      "sourceRemove" : false,
      "sourceCatchup" : false,
      "outputRollup" : false,
      "hiddenParameters" : [ {
        "key" : "outputProjectedFieldsOnly",
        "value" : "true"
      } ],
      "skipCheckEnabled" : false,
      "notes" : "Aggregate related user activity into a session signal containing activity count, duration, and keywords (based on user search terms). This job is used by the Fusion Insights application to show reports about user sessions. Use the 'elapsedSecsSinceLastActivity' and 'elapsedSecsSinceSessionStart' parameters to determine when a user session is considered to be complete."
    } ],
    "fusionApps" : [ {
      "id" : "Samjna",
      "name" : "Samjna",
      "description" : "Adds image awareness to Fusion and used to boost relevance of search results.",
      "dataUri" : "/admin/App-Tile-07-460x160.png",
      "properties" : {
        "headerImageName" : "headerImage7",
        "tileColor" : "apps-blue",
        "previousCollectionId" : "Samjna_Collection"
      }
    } ],
    "dataSources" : [ {
      "id" : "Etsy",
      "created" : "2018-03-08T22:44:12.351Z",
      "modified" : "2018-03-08T22:44:12.351Z",
      "connector" : "lucid.web",
      "type" : "web",
      "description" : "Etsy Image Extraction",
      "pipeline" : "Samjna_Collection",
      "parserId" : "Samjna",
      "properties" : {
        "refreshOlderThan" : -1,
        "f.appendTrailingSlashToLinks" : false,
        "refreshErrors" : false,
        "restrictToTreeIgnoredHostPrefixes" : [ "www." ],
        "dedupeSaveSignature" : false,
        "crawlDBType" : "in-memory",
        "f.firefoxHeadlessBrowser" : true,
        "f.discardLinkURLQueries" : false,
        "fetchDelayMS" : 200,
        "f.respectMetaEquivRedirects" : false,
        "refreshAll" : true,
        "f.defaultMIMEType" : "application/octet-stream",
        "f.extraLoadTimeMs" : 0,
        "f.jsPageLoadTimeout" : 10000,
        "restrictToTreeAllowSubdomains" : false,
        "f.jsScriptTimeout" : 10000,
        "f.jsAjaxTimeout" : 10000,
        "maxItems" : 2000,
        "trackEmbeddedIDs" : true,
        "dedupe" : false,
        "f.scrapeLinksBeforeFiltering" : false,
        "f.allowAllCertificates" : false,
        "collection" : "Samjna_Collection",
        "forceRefresh" : false,
        "parserRetryCount" : 0,
        "f.obeyRobots" : true,
        "fetchDelayMSPerHost" : true,
        "fetchThreads" : 5,
        "f.requestRetryCount" : 0,
        "indexCrawlDBToSolr" : false,
        "retainOutlinks" : false,
        "restrictToTree" : true,
        "f.defaultCharSet" : "UTF-8",
        "emitThreads" : 5,
        "f.useFirefox" : true,
        "diagnosticMode" : false,
        "delete" : true,
        "initial_mapping" : {
          "mappings" : [ {
            "source" : "charSet",
            "operation" : "move",
            "target" : "charSet_s"
          }, {
            "source" : "fetchedDate",
            "operation" : "move",
            "target" : "fetchedDate_dt"
          }, {
            "source" : "lastModified",
            "operation" : "move",
            "target" : "lastModified_dt"
          }, {
            "source" : "signature",
            "operation" : "move",
            "target" : "dedupeSignature_s"
          }, {
            "source" : "contentSignature",
            "operation" : "move",
            "target" : "signature_s"
          }, {
            "source" : "length",
            "operation" : "move",
            "target" : "length_l"
          }, {
            "source" : "mimeType",
            "operation" : "move",
            "target" : "mimeType_s"
          }, {
            "source" : "parent",
            "operation" : "move",
            "target" : "parent_s"
          }, {
            "source" : "owner",
            "operation" : "move",
            "target" : "owner_s"
          }, {
            "source" : "group",
            "operation" : "move",
            "target" : "group_s"
          } ],
          "reservedFieldsMappingAllowed" : false,
          "skip" : false,
          "id" : "FromMap",
          "type" : "field-mapping"
        },
        "f.extraPageLoadDeltaChars" : 0,
        "restrictToTreeUseHostAndPath" : false,
        "f.filteringRootTags" : [ "body", "head" ],
        "startLinks" : [ "https://www.etsy.com/" ],
        "failFastOnStartLinkFailure" : true,
        "f.timeoutMS" : 10000,
        "f.discardLinkURLAnchors" : true,
        "chunkSize" : 1,
        "f.obeyRobotsDelay" : true,
        "deleteErrorsAfter" : -1,
        "f.userAgentName" : "Lucidworks-Anda/2.0",
        "retryEmit" : true,
        "f.crawlJS" : false,
        "depth" : -1,
        "f.cookieSpec" : "browser-compatibility",
        "refreshStartLinks" : false,
        "f.maxSizeBytes" : 4194304,
        "aliasExpiration" : 1
      }
    } ]
  },
  "metadata" : {
    "formatVersion" : "1",
    "exportedBy" : "ed9597ec-8486-4c52-909c-b6048a07ef9d",
    "exportedDate" : "2018-03-15T23:02:25.177Z",
    "fusionVersion" : "4.0.0-RC2",
    "fusionGuid" : "e5ea3d8e-6d75-4770-9d09-5f804e915289"
  }
}