{
  "objects" : {
    "collections" : [ {
      "id" : "Semantic_Knowledge_Graph",
      "createdAt" : "2018-09-03T19:08:39.970Z",
      "searchClusterId" : "default",
      "commitWithin" : 10000,
      "solrParams" : {
        "name" : "Semantic_Knowledge_Graph",
        "numShards" : 1,
        "replicationFactor" : 1
      },
      "type" : "DATA",
      "metadata" : { }
    }, {
      "id" : "Semantic_Knowledge_Graph_signals_aggr",
      "createdAt" : "2018-09-03T19:08:49.651Z",
      "searchClusterId" : "default",
      "commitWithin" : 10000,
      "solrParams" : {
        "name" : "Semantic_Knowledge_Graph_signals_aggr",
        "numShards" : 2,
        "replicationFactor" : 1,
        "maxShardsPerNode" : 2
      },
      "type" : "SIGNALS_AGGREGATION",
      "relatedCollectionId" : "Semantic_Knowledge_Graph",
      "metadata" : { }
    }, {
      "id" : "Semantic_Knowledge_Graph_signals",
      "createdAt" : "2018-09-03T19:08:44.384Z",
      "searchClusterId" : "default",
      "commitWithin" : 10000,
      "solrParams" : {
        "name" : "Semantic_Knowledge_Graph_signals",
        "numShards" : 2,
        "replicationFactor" : 1,
        "maxShardsPerNode" : 2,
        "configTemplate" : "solr/conf/insights.zip"
      },
      "type" : "SIGNALS",
      "relatedCollectionId" : "Semantic_Knowledge_Graph",
      "metadata" : { }
    } ],
    "indexPipelines" : [ {
      "id" : "Semantic_Knowledge_Graph",
      "stages" : [ {
        "type" : "field-mapping",
        "id" : "bcc307f8-c2c6-400b-a0db-39d9ddbd274e",
        "mappings" : [ ],
        "reservedFieldsMappingAllowed" : false,
        "type" : "field-mapping",
        "skip" : false,
        "licensed" : true,
        "secretSourceStageId" : "bcc307f8-c2c6-400b-a0db-39d9ddbd274e"
      }, {
        "type" : "solr-dynamic-field-name-mapping",
        "id" : "4f757993-e625-46eb-8d43-591603bf7565",
        "duplicateSingleValuedFields" : false,
        "fieldsToExclude" : [ ],
        "advancedTextFieldsIndexing" : true,
        "maxTextLengthForAdvancedIndexing" : 100,
        "type" : "solr-dynamic-field-name-mapping",
        "skip" : false,
        "licensed" : true,
        "secretSourceStageId" : "4f757993-e625-46eb-8d43-591603bf7565"
      }, {
        "type" : "solr-index",
        "id" : "4bda0d98-fe8e-4116-af54-358ff482667a",
        "enforceSchema" : true,
        "dateFormats" : [ ],
        "params" : [ ],
        "bufferDocsForSolr" : false,
        "type" : "solr-index",
        "skip" : false,
        "licensed" : true,
        "secretSourceStageId" : "4bda0d98-fe8e-4116-af54-358ff482667a"
      } ],
      "properties" : {
        "secretSourcePipelineId" : "Semantic_Knowledge_Graph"
      }
    } ],
    "queryPipelines" : [ {
      "id" : "Semantic_Knowledge_Graph",
      "stages" : [ {
        "type" : "recommendation",
        "id" : "8d1a1499-1f73-496a-9315-b992875aa876",
        "numRecommendations" : 10,
        "numSignals" : 100,
        "aggrType" : "click@doc_id,filters,query",
        "boostId" : "id",
        "boostingMethod" : "query-param",
        "boostingParam" : "boost",
        "queryParams" : [ {
          "key" : "qf",
          "value" : "query_t"
        }, {
          "key" : "pf",
          "value" : "query_t^50"
        }, {
          "key" : "pf",
          "value" : "query_t~3^20"
        }, {
          "key" : "pf2",
          "value" : "query_t^20"
        }, {
          "key" : "pf2",
          "value" : "query_t~3^10"
        }, {
          "key" : "pf3",
          "value" : "query_t^10"
        }, {
          "key" : "pf3",
          "value" : "query_t~3^5"
        }, {
          "key" : "boost",
          "value" : "map(query({!field f=query_s v=$q}),0,0,1,20)"
        }, {
          "key" : "mm",
          "value" : "50%"
        }, {
          "key" : "defType",
          "value" : "edismax"
        }, {
          "key" : "sort",
          "value" : "score desc, weight_d desc"
        } ],
        "rollupField" : "doc_id_s",
        "rollupWeightField" : "weight_d",
        "weightExpression" : "math:log(weight_d + 1) + 10 * math:log(score+1)",
        "rollupWeightStrategy" : "max",
        "type" : "recommendation",
        "skip" : false,
        "licensed" : true,
        "secretSourceStageId" : "8d1a1499-1f73-496a-9315-b992875aa876"
      }, {
        "type" : "search-fields",
        "id" : "0928c02c-a35e-4db9-928f-a6f85617bac5",
        "rows" : 10,
        "start" : 0,
        "queryFields" : [ ],
        "returnFields" : [ "*", "score" ],
        "type" : "search-fields",
        "skip" : false,
        "licensed" : true,
        "secretSourceStageId" : "0928c02c-a35e-4db9-928f-a6f85617bac5"
      }, {
        "type" : "facet",
        "id" : "378c2f2c-17eb-4aa9-a90f-a531a650ea84",
        "fieldFacets" : [ ],
        "type" : "facet",
        "skip" : false,
        "licensed" : true,
        "secretSourceStageId" : "378c2f2c-17eb-4aa9-a90f-a531a650ea84"
      }, {
        "type" : "solr-query",
        "id" : "a89c7ba7-28ea-47f7-88f2-06208070b5ff",
        "allowedRequestHandlers" : [ ],
        "httpMethod" : "POST",
        "allowFederatedSearch" : false,
        "type" : "solr-query",
        "skip" : false,
        "licensed" : true,
        "secretSourceStageId" : "a89c7ba7-28ea-47f7-88f2-06208070b5ff"
      } ],
      "properties" : {
        "secretSourcePipelineId" : "Semantic_Knowledge_Graph"
      }
    } ],
    "features" : {
      "Semantic_Knowledge_Graph" : [ {
        "name" : "partitionByTime",
        "collectionId" : "Semantic_Knowledge_Graph",
        "params" : { },
        "enabled" : false
      }, {
        "name" : "signals",
        "collectionId" : "Semantic_Knowledge_Graph",
        "params" : { },
        "enabled" : true
      }, {
        "name" : "searchLogs",
        "collectionId" : "Semantic_Knowledge_Graph",
        "params" : { },
        "enabled" : true
      }, {
        "name" : "recommendations",
        "collectionId" : "Semantic_Knowledge_Graph",
        "params" : {
          "idField" : "id",
          "itemsForUser" : true,
          "itemsForQuery" : false,
          "itemsForItem" : true,
          "queriesForQuery" : false
        },
        "enabled" : false
      } ],
      "Semantic_Knowledge_Graph_signals_aggr" : [ {
        "name" : "partitionByTime",
        "collectionId" : "Semantic_Knowledge_Graph_signals_aggr",
        "params" : { },
        "enabled" : false
      }, {
        "name" : "signals",
        "collectionId" : "Semantic_Knowledge_Graph_signals_aggr",
        "params" : { },
        "enabled" : false
      }, {
        "name" : "searchLogs",
        "collectionId" : "Semantic_Knowledge_Graph_signals_aggr",
        "params" : { },
        "enabled" : false
      }, {
        "name" : "recommendations",
        "collectionId" : "Semantic_Knowledge_Graph_signals_aggr",
        "params" : {
          "idField" : "id",
          "itemsForUser" : true,
          "itemsForQuery" : false,
          "itemsForItem" : true,
          "queriesForQuery" : false
        },
        "enabled" : false
      } ],
      "Semantic_Knowledge_Graph_signals" : [ {
        "name" : "partitionByTime",
        "collectionId" : "Semantic_Knowledge_Graph_signals",
        "params" : { },
        "enabled" : false
      }, {
        "name" : "signals",
        "collectionId" : "Semantic_Knowledge_Graph_signals",
        "params" : { },
        "enabled" : false
      }, {
        "name" : "searchLogs",
        "collectionId" : "Semantic_Knowledge_Graph_signals",
        "params" : { },
        "enabled" : false
      }, {
        "name" : "recommendations",
        "collectionId" : "Semantic_Knowledge_Graph_signals",
        "params" : {
          "idField" : "id",
          "itemsForUser" : true,
          "itemsForQuery" : false,
          "itemsForItem" : true,
          "queriesForQuery" : false
        },
        "enabled" : false
      } ]
    },
    "indexProfiles" : {
      "ALL" : [ {
        "id" : "Semantic_Knowledge_Graph",
        "indexPipeline" : "Semantic_Knowledge_Graph",
        "collection" : "Semantic_Knowledge_Graph",
        "parser" : "Semantic_Knowledge_Graph",
        "params" : [ ]
      } ]
    },
    "queryProfiles" : {
      "ALL" : [ {
        "id" : "Semantic_Knowledge_Graph",
        "queryPipeline" : "Semantic_Knowledge_Graph",
        "collection" : "Semantic_Knowledge_Graph",
        "searchHandler" : "/select"
      } ]
    },
    "parsers" : [ {
      "id" : "Semantic_Knowledge_Graph",
      "enableMediaTypeDetection" : true,
      "maxParserDepth" : 16,
      "parserStages" : [ {
        "type" : "archive",
        "enabled" : true,
        "mediaTypes" : [ ],
        "pathPatterns" : [ ],
        "errorHandling" : "mark",
        "id" : "08308ed0-116f-4ad9-bcc2-ef0f8127d655",
        "alwaysDetect" : true,
        "inheritMediaTypes" : true,
        "outputFieldPrefix" : ""
      }, {
        "type" : "csv",
        "enabled" : true,
        "mediaTypes" : [ ],
        "pathPatterns" : [ ],
        "errorHandling" : "mark",
        "id" : "5aff2a9a-03b3-4e4c-8316-6959ce850338",
        "charset" : "detect",
        "ignoreBOM" : false,
        "autoDetect" : true,
        "hasHeaders" : true,
        "headers" : [ ],
        "fillValue" : "<FILL>",
        "trimWhitespace" : true,
        "skipEmptyLines" : true,
        "includeRowNumber" : true,
        "commentHandling" : "ignore",
        "maxRowLength" : 10485760,
        "maxNumColumns" : 1000,
        "maxColumnChars" : 10485760,
        "columnHandling" : "default",
        "inheritMediaTypes" : true,
        "outputFieldPrefix" : ""
      }, {
        "type" : "json",
        "enabled" : true,
        "mediaTypes" : [ ],
        "pathPatterns" : [ ],
        "errorHandling" : "mark",
        "id" : "235955f6-7173-4cf3-b8bf-aad87cb9530a",
        "splitArrays" : true,
        "includePath" : false,
        "mappings" : [ ],
        "listHandling" : "multivalued",
        "inheritMediaTypes" : true,
        "outputFieldPrefix" : ""
      }, {
        "type" : "xml",
        "enabled" : true,
        "mediaTypes" : [ ],
        "pathPatterns" : [ ],
        "errorHandling" : "mark",
        "id" : "eaee2c0d-bc43-4851-a75a-0501567a87e1",
        "rootPaths" : [ "/" ],
        "maxSize" : 65536,
        "listHandling" : "multivalued",
        "inheritMediaTypes" : true,
        "outputFieldPrefix" : ""
      }, {
        "type" : "html",
        "enabled" : true,
        "mediaTypes" : [ ],
        "pathPatterns" : [ ],
        "errorHandling" : "mark",
        "id" : "c0517c0a-3955-4eb7-8f3a-8442daedd0aa",
        "charset" : "detect",
        "mappings" : [ ],
        "keepParent" : true,
        "extractHtmlLinks" : false,
        "extractBodyText" : true,
        "metatagsPrefix" : "",
        "inheritMediaTypes" : true,
        "outputFieldPrefix" : ""
      }, {
        "type" : "text",
        "enabled" : true,
        "mediaTypes" : [ ],
        "pathPatterns" : [ ],
        "errorHandling" : "mark",
        "id" : "cf8762ef-ef3a-4c78-85fb-d0f234fc38ac",
        "charset" : "detect",
        "ignoreBOM" : false,
        "maxLength" : 1048576,
        "maxLineLength" : 1048576,
        "outputField" : "body",
        "splitLines" : false,
        "skipEmptyLines" : false,
        "skipHeaderLines" : 0,
        "trimWhitespace" : false,
        "commentHandling" : "include",
        "comment" : "#",
        "commentField" : "comment",
        "inheritMediaTypes" : true,
        "outputFieldPrefix" : ""
      }, {
        "type" : "tika",
        "enabled" : true,
        "mediaTypes" : [ ],
        "pathPatterns" : [ ],
        "errorHandling" : "mark",
        "id" : "9ff70aaf-1f8a-497a-9be3-5b1d04652083",
        "includeImages" : false,
        "flattenCompound" : true,
        "addFailedDocs" : false,
        "addOriginalContent" : false,
        "contentEncoding" : "binary",
        "returnXml" : false,
        "keepOriginalStructure" : false,
        "extractHtmlLinks" : false,
        "extractOtherLinks" : false,
        "excludeContentTypes" : [ ],
        "zipBombCompressionRatio" : 200,
        "zipBombMaxDepth" : 200,
        "zipBombMaxPackageEntryDepth" : 20,
        "inheritMediaTypes" : true,
        "outputFieldPrefix" : ""
      }, {
        "type" : "fallback",
        "enabled" : true,
        "mediaTypes" : [ ],
        "pathPatterns" : [ ],
        "errorHandling" : "mark",
        "id" : "23f6442c-c3bf-4348-8fc8-03a75aef7b70",
        "metadataOnly" : false,
        "maxBytesToKeep" : 1048576,
        "inheritMediaTypes" : true,
        "outputFieldPrefix" : ""
      } ]
    } ],
    "objectGroups" : [ {
      "id" : "67d1bf11-92c1-44c7-875b-4aeb556b853d",
      "name" : "signals-Semantic_Knowledge_Graph",
      "isSystem" : true,
      "description" : "Collection 'Semantic_Knowledge_Graph' objects for signals support"
    } ],
    "links" : [ {
      "subject" : "collection:Semantic_Knowledge_Graph",
      "object" : "app:Semantic_Knowledge_Graph",
      "linkType" : "inContextOf"
    }, {
      "subject" : "app:Semantic_Knowledge_Graph",
      "object" : "group:_shared",
      "linkType" : "relatesTo"
    }, {
      "subject" : "group:67d1bf11-92c1-44c7-875b-4aeb556b853d",
      "object" : "spark:Semantic_Knowledge_Graph_head_tail",
      "linkType" : "hasPart"
    }, {
      "subject" : "index-profile:Semantic_Knowledge_Graph",
      "object" : "app:Semantic_Knowledge_Graph",
      "linkType" : "inContextOf"
    }, {
      "subject" : "group:67d1bf11-92c1-44c7-875b-4aeb556b853d",
      "object" : "collection:Semantic_Knowledge_Graph",
      "linkType" : "relatesTo"
    }, {
      "subject" : "index-profile:Semantic_Knowledge_Graph",
      "object" : "collection:Semantic_Knowledge_Graph",
      "linkType" : "relatesTo"
    }, {
      "subject" : "query-profile:Semantic_Knowledge_Graph",
      "object" : "collection:Semantic_Knowledge_Graph",
      "linkType" : "relatesTo"
    }, {
      "subject" : "datasource:lucid_wikipedia",
      "object" : "app:Semantic_Knowledge_Graph",
      "linkType" : "inContextOf"
    }, {
      "subject" : "datasource:lucid_wikipedia",
      "object" : "index-pipeline:Semantic_Knowledge_Graph",
      "linkType" : "dependsOn"
    }, {
      "subject" : "collection:Semantic_Knowledge_Graph",
      "object" : "query-pipeline:Semantic_Knowledge_Graph",
      "linkType" : "relatesTo"
    }, {
      "subject" : "collection:Semantic_Knowledge_Graph",
      "object" : "index-pipeline:Semantic_Knowledge_Graph",
      "linkType" : "relatesTo"
    }, {
      "subject" : "datasource:lucid_wikipedia",
      "object" : "parser:Semantic_Knowledge_Graph",
      "linkType" : "dependsOn"
    }, {
      "subject" : "index-profile:Semantic_Knowledge_Graph",
      "object" : "index-pipeline:Semantic_Knowledge_Graph",
      "linkType" : "relatesTo"
    }, {
      "subject" : "query-profile:Semantic_Knowledge_Graph",
      "object" : "query-pipeline:Semantic_Knowledge_Graph",
      "linkType" : "relatesTo"
    }, {
      "subject" : "group:67d1bf11-92c1-44c7-875b-4aeb556b853d",
      "object" : "spark:Semantic_Knowledge_Graph_session_rollup",
      "linkType" : "hasPart"
    }, {
      "subject" : "group:67d1bf11-92c1-44c7-875b-4aeb556b853d",
      "object" : "collection:Semantic_Knowledge_Graph_signals_aggr",
      "linkType" : "hasPart"
    }, {
      "subject" : "group:67d1bf11-92c1-44c7-875b-4aeb556b853d",
      "object" : "spark:Semantic_Knowledge_Graph_user_item_preferences_aggregation",
      "linkType" : "hasPart"
    }, {
      "subject" : "parser:Semantic_Knowledge_Graph",
      "object" : "app:Semantic_Knowledge_Graph",
      "linkType" : "inContextOf"
    }, {
      "subject" : "group:67d1bf11-92c1-44c7-875b-4aeb556b853d",
      "object" : "spark:Semantic_Knowledge_Graph_user_query_history_aggregation",
      "linkType" : "hasPart"
    }, {
      "subject" : "datasource:lucid_wikipedia",
      "object" : "collection:Semantic_Knowledge_Graph",
      "linkType" : "relatesTo"
    }, {
      "subject" : "group:67d1bf11-92c1-44c7-875b-4aeb556b853d",
      "object" : "collection:Semantic_Knowledge_Graph_signals",
      "linkType" : "hasPart"
    }, {
      "subject" : "group:67d1bf11-92c1-44c7-875b-4aeb556b853d",
      "object" : "spark:Semantic_Knowledge_Graph_click_signals_aggregation",
      "linkType" : "hasPart"
    } ],
    "jobs" : [ {
      "resource" : "spark:Semantic_Knowledge_Graph_click_signals_aggregation",
      "enabled" : true,
      "triggers" : [ {
        "type" : "interval",
        "enabled" : true,
        "interval" : 15,
        "timeUnit" : "minute",
        "startTime" : "2018-09-03T19:23:54.917Z",
        "type" : "interval"
      } ],
      "default" : false
    }, {
      "resource" : "spark:Semantic_Knowledge_Graph_session_rollup",
      "enabled" : true,
      "triggers" : [ {
        "type" : "interval",
        "enabled" : true,
        "interval" : 15,
        "timeUnit" : "minute",
        "startTime" : "2018-09-03T19:23:54.962Z",
        "type" : "interval"
      } ],
      "default" : false
    }, {
      "resource" : "spark:Semantic_Knowledge_Graph_head_tail",
      "enabled" : true,
      "triggers" : [ {
        "type" : "interval",
        "enabled" : true,
        "interval" : 1,
        "timeUnit" : "day",
        "startTime" : "2018-09-04T19:08:55.090Z",
        "type" : "interval"
      } ],
      "default" : false
    }, {
      "resource" : "spark:Semantic_Knowledge_Graph_user_query_history_aggregation",
      "enabled" : true,
      "triggers" : [ {
        "type" : "interval",
        "enabled" : true,
        "interval" : 1,
        "timeUnit" : "day",
        "startTime" : "2018-09-03T19:27:55.055Z",
        "type" : "interval"
      } ],
      "default" : false
    }, {
      "resource" : "spark:Semantic_Knowledge_Graph_user_item_preferences_aggregation",
      "enabled" : true,
      "triggers" : [ {
        "type" : "interval",
        "enabled" : true,
        "interval" : 1,
        "timeUnit" : "day",
        "startTime" : "2018-09-03T19:25:55.016Z",
        "type" : "interval"
      } ],
      "default" : false
    } ],
    "sparkJobs" : [ {
      "type" : "sql_template",
      "id" : "Semantic_Knowledge_Graph_user_item_preferences_aggregation",
      "inputCollection" : "Semantic_Knowledge_Graph_signals",
      "outputCollection" : "Semantic_Knowledge_Graph_signals_aggr",
      "sql" : "WITH signal_type_groups AS (\n    SELECT SUM(count_i) AS typed_aggr_count_i,\n           doc_id,\n           user_id,\n           type,\n           time_decay(count_i, timestamp_tdt, \"30 days\", ref_time, weight_d) AS typed_weight_d\n      FROM ${inputCollection}\n     WHERE type IN (${signalTypes})\n  GROUP BY user_id, doc_id, type\n ) SELECT SUM(typed_aggr_count_i) AS aggr_count_i,\n          doc_id AS doc_id_s,\n          user_id AS user_id_s,\n          weighted_sum(typed_weight_d, type, '${signalTypeWeights}') AS weight_d\n     FROM signal_type_groups\n GROUP BY doc_id, user_id",
      "parameters" : [ {
        "key" : "signalTypeWeights",
        "value" : "click:1.0,cart:10.0,purchase:25.0"
      } ],
      "selectQuery" : "*:*",
      "sourceRemove" : false,
      "sourceCatchup" : true,
      "outputRollup" : true,
      "hiddenParameters" : [ {
        "key" : "signalTypes",
        "value" : "_regex/signalTypeWeights/([\\w\\-\\.]*):([\\d\\.\\-]*)(,|$)/'$1'$3/g"
      } ],
      "skipCheckEnabled" : true,
      "notes" : "Computes an aggregated weight for each user / item combination found in the signals collection. The weight for each group is computed using an exponential time-decay on signal count (30 day half-life) and a weighted sum based on the signal type. Use the 'signalTypeWeights' parameter to set the correct signal types and weights for your dataset. The results of this job can be used as input to the ALS recommendation job."
    }, {
      "type" : "sql_template",
      "id" : "Semantic_Knowledge_Graph_session_rollup",
      "inputCollection" : "Semantic_Knowledge_Graph_signals",
      "outputCollection" : "Semantic_Knowledge_Graph_signals",
      "sql" : "WITH session_agg AS (\n     SELECT COUNT(1) AS activity_count,\n            MIN(timestamp_tdt) AS start,\n            MAX(timestamp_tdt) AS end,\n            timediff(MAX(timestamp_tdt), MIN(timestamp_tdt), \"MINUTES\") AS duration,\n            'session' AS type,\n            first(user_id) AS user,\n            session_keywords(query) AS keywords,\n            session\n       FROM ${inputCollection}\n      WHERE timestamp_tdt IS NOT NULL\n        AND type != 'session'\n        AND session IS NOT NULL\n        AND session NOT IN (SELECT session FROM ${inputCollection} WHERE type = 'session' AND session IS NOT NULL)\n   GROUP BY session\n     HAVING timediff(current_timestamp(), MAX(timestamp_tdt), \"SECONDS\") >= ${elapsedSecsSinceLastActivity} OR timediff(current_timestamp(), MIN(timestamp_tdt), \"SECONDS\") >= ${elapsedSecsSinceSessionStart})\n SELECT activity_count, start, end, duration, type, user, keywords, session FROM session_agg",
      "parameters" : [ {
        "key" : "elapsedSecsSinceLastActivity",
        "value" : "360"
      }, {
        "key" : "elapsedSecsSinceSessionStart",
        "value" : "3600"
      } ],
      "selectQuery" : "*:*",
      "sourceRemove" : false,
      "sourceCatchup" : false,
      "outputRollup" : false,
      "hiddenParameters" : [ {
        "key" : "outputProjectedFieldsOnly",
        "value" : "true"
      } ],
      "skipCheckEnabled" : false,
      "notes" : "Aggregate related user activity into a session signal containing activity count, duration, and keywords (based on user search terms). This job is used by the Fusion Insights application to show reports about user sessions. Use the 'elapsedSecsSinceLastActivity' and 'elapsedSecsSinceSessionStart' parameters to determine when a user session is considered to be complete."
    }, {
      "type" : "sql_template",
      "id" : "Semantic_Knowledge_Graph_click_signals_aggregation",
      "inputCollection" : "Semantic_Knowledge_Graph_signals",
      "outputCollection" : "Semantic_Knowledge_Graph_signals_aggr",
      "sql" : "WITH sigs_with_filters AS (\n   SELECT c.query as query,\n          c.doc_id,\n          q.filters_s as filters,\n          c.type,\n          c.ref_time,\n          c.count_i,\n          c.timestamp_tdt,\n          c.weight_d\n     FROM ${inputCollection} c\n LEFT JOIN (SELECT id, filters_s FROM ${inputCollection} WHERE type='response') q ON q.id = c.fusion_query_id\n    WHERE c.type IN (${signalTypes})\n ), signal_type_groups AS (\n     SELECT SUM(count_i) AS typed_aggr_count_i,\n            query,\n            doc_id,\n            type,\n            filters,\n            time_decay(count_i, timestamp_tdt, \"30 days\", ref_time, weight_d) AS typed_weight_d\n       FROM sigs_with_filters\n   GROUP BY doc_id, query, filters, type\n ) SELECT SUM(typed_aggr_count_i) AS aggr_count_i,\n          query AS query_s,\n          query AS query_t,\n          doc_id AS doc_id_s,\n          filters AS filters_s,\n          SPLIT(filters, ' \\\\$ ') AS filters_ss,\n          weighted_sum(typed_weight_d, type, '${signalTypeWeights}') AS weight_d\n     FROM signal_type_groups\n GROUP BY query, doc_id, filters",
      "rollupSql" : "SELECT query_s,\n          query_s as query_t,\n          doc_id_s,\n          filters_s,\n          first(aggr_type_s) AS aggr_type_s,\n          SPLIT(filters_s, ' \\\\$ ') AS filters_ss,\n          SUM(weight_d) AS weight_d,\n          SUM(aggr_count_i) AS aggr_count_i\n     FROM Semantic_Knowledge_Graph_signals_aggr\n GROUP BY query_s, doc_id_s, filters_s",
      "parameters" : [ {
        "key" : "signalTypeWeights",
        "value" : "click:1.0,cart:10.0,purchase:25.0"
      } ],
      "selectQuery" : "*:*",
      "sourceRemove" : false,
      "sourceCatchup" : true,
      "outputRollup" : true,
      "hiddenParameters" : [ {
        "key" : "signalTypes",
        "value" : "_regex/signalTypeWeights/([\\w\\-\\.]*):([\\d\\.\\-]*)(,|$)/'$1'$3/g"
      }, {
        "key" : "optimizeOutput",
        "value" : "4"
      } ],
      "skipCheckEnabled" : true,
      "notes" : "Computes an aggregated weight for each query / item combination found in the signals collection. The weight for each group is computed using an exponential time-decay on signal count (30 day half-life) and a weighted sum based on the signal type. Use the 'signalTypeWeights' parameter to set the correct signal types and weights for your dataset. The results of this job can be used to boost documents at query time using the boosting stage."
    }, {
      "type" : "headTailAnalysis",
      "id" : "Semantic_Knowledge_Graph_head_tail",
      "randomSeed" : 1234,
      "trainingCollection" : "Semantic_Knowledge_Graph_signals",
      "outputCollection" : "Semantic_Knowledge_Graph_signals_aggr",
      "overwriteOutput" : true,
      "trainingDataFilterQuery" : "type:click OR type:response",
      "fieldToVectorize" : "query",
      "trainingDataFrameConfigOptions" : { },
      "analyzerConfigQuery" : "{ \"analyzers\": [ { \"name\": \"StdTokLowerStem\",\"charFilters\": [ { \"type\": \"htmlstrip\" } ],\"tokenizer\": { \"type\": \"standard\" },\"filters\": [{ \"type\": \"lowercase\" },{ \"type\": \"englishminimalstem\" }] }],\"fields\": [{ \"regex\": \".+\", \"analyzer\": \"StdTokLowerStem\" } ]}",
      "countField" : "count_i",
      "mainType" : "click",
      "filterType" : "response",
      "signalTypeField" : "type",
      "minCountMain" : 1,
      "minCountFilter" : 20,
      "userHead" : -1.0,
      "userTail" : -1.0,
      "topQ" : [ 100.0, 0.01 ],
      "trafficPerc" : [ 0.25, 0.5, 0.75 ],
      "lastTraffic" : [ 0.01 ],
      "trafficCount" : [ 5.0 ],
      "overlapThreshold" : 4,
      "lenScale" : 6,
      "overlapNumBoost" : 10.0,
      "headQueryCntBoost" : 1.0,
      "tailRewrite" : true,
      "dataFormat" : "solr",
      "trainingDataSamplingFraction" : 1.0,
      "queryLenThreshold" : 2
    }, {
      "type" : "sql_template",
      "id" : "Semantic_Knowledge_Graph_user_query_history_aggregation",
      "inputCollection" : "Semantic_Knowledge_Graph_signals",
      "outputCollection" : "Semantic_Knowledge_Graph_signals_aggr",
      "sql" : "WITH signal_type_groups AS (\n    SELECT SUM(count_i) AS typed_aggr_count_i,\n           user_id,\n           query,\n           type,\n           time_decay(count_i, timestamp_tdt, \"30 days\", ref_time, weight_d) AS typed_weight_d\n      FROM ${inputCollection}\n     WHERE type IN (${signalTypes})\n  GROUP BY query, user_id, type\n ) SELECT SUM(typed_aggr_count_i) AS aggr_count_i,\n          user_id AS user_id_s,\n          query AS query_s,\n          weighted_sum(typed_weight_d, type, '${signalTypeWeights}') AS weight_d\n     FROM signal_type_groups\n GROUP BY user_id, query",
      "parameters" : [ {
        "key" : "signalTypeWeights",
        "value" : "click:1.0,cart:10.0,purchase:25.0"
      } ],
      "selectQuery" : "*:*",
      "sourceRemove" : false,
      "sourceCatchup" : true,
      "outputRollup" : true,
      "hiddenParameters" : [ {
        "key" : "signalTypes",
        "value" : "_regex/signalTypeWeights/([\\w\\-\\.]*):([\\d\\.\\-]*)(,|$)/'$1'$3/g"
      } ],
      "skipCheckEnabled" : true,
      "notes" : "Computes an aggregated weight for each user / query combination found in the signals collection. The weight for each group is computed using an exponential time-decay on signal count (30 day half-life) and a weighted sum based on the signal type. Use the 'signalTypeWeights' parameter to set the correct signal types and weights for your dataset. The results of this job can be used to boost queries for a user based on their past queries."
    } ],
    "fusionApps" : [ {
      "id" : "Semantic_Knowledge_Graph",
      "name" : "Semantic Knowledge Graph",
      "description" : "A demo of the SKG plugin for Fusion 4.0.2",
      "dataUri" : "/admin/App-Tile-07-460x160.png",
      "properties" : {
        "headerImageName" : "headerImage7",
        "tileColor" : "apps-orange",
        "previousCollectionId" : "Semantic_Knowledge_Graph"
      }
    } ],
    "dataSources" : [ {
      "id" : "lucid_wikipedia",
      "created" : "2018-09-03T19:10:13.939Z",
      "modified" : "2018-09-03T19:10:13.939Z",
      "connector" : "lucid.web",
      "type" : "web",
      "description" : "Lucidworks and Wikipedia",
      "pipeline" : "Semantic_Knowledge_Graph",
      "parserId" : "Semantic_Knowledge_Graph",
      "properties" : {
        "refreshOlderThan" : -1,
        "f.appendTrailingSlashToLinks" : false,
        "restrictToTreeIgnoredHostPrefixes" : [ "www." ],
        "refreshErrors" : false,
        "dedupeSaveSignature" : false,
        "crawlDBType" : "in-memory",
        "f.firefoxHeadlessBrowser" : true,
        "f.discardLinkURLQueries" : false,
        "f.respectMetaEquivRedirects" : false,
        "fetchDelayMS" : 0,
        "refreshAll" : true,
        "f.defaultMIMEType" : "application/octet-stream",
        "f.extraLoadTimeMs" : 250,
        "f.jsPageLoadTimeout" : 20000,
        "restrictToTreeAllowSubdomains" : false,
        "f.jsScriptTimeout" : 20000,
        "f.requestCounterMinWaitMs" : 5000,
        "maxItems" : 1500,
        "f.jsAjaxTimeout" : 20000,
        "dedupe" : false,
        "f.scrapeLinksBeforeFiltering" : false,
        "trackEmbeddedIDs" : true,
        "f.allowAllCertificates" : false,
        "collection" : "Semantic_Knowledge_Graph",
        "forceRefresh" : false,
        "f.obeyRobots" : true,
        "parserRetryCount" : 0,
        "f.quitTimeoutMs" : 5000,
        "fetchDelayMSPerHost" : true,
        "fetchThreads" : 5,
        "indexCrawlDBToSolr" : false,
        "f.requestRetryCount" : 0,
        "restrictToTree" : true,
        "retainOutlinks" : false,
        "f.defaultCharSet" : "UTF-8",
        "f.useRequestCounter" : true,
        "emitThreads" : 5,
        "f.headlessBrowser" : true,
        "f.useFirefox" : false,
        "f.requestCounterMaxWaitMs" : 20000,
        "diagnosticMode" : false,
        "delete" : true,
        "initial_mapping" : {
          "mappings" : [ {
            "source" : "charSet",
            "operation" : "move",
            "target" : "charSet_s"
          }, {
            "source" : "fetchedDate",
            "operation" : "move",
            "target" : "fetchedDate_dt"
          }, {
            "source" : "lastModified",
            "operation" : "move",
            "target" : "lastModified_dt"
          }, {
            "source" : "signature",
            "operation" : "move",
            "target" : "dedupeSignature_s"
          }, {
            "source" : "contentSignature",
            "operation" : "move",
            "target" : "signature_s"
          }, {
            "source" : "length",
            "operation" : "move",
            "target" : "length_l"
          }, {
            "source" : "mimeType",
            "operation" : "move",
            "target" : "mimeType_s"
          }, {
            "source" : "parent",
            "operation" : "move",
            "target" : "parent_s"
          }, {
            "source" : "owner",
            "operation" : "move",
            "target" : "owner_s"
          }, {
            "source" : "group",
            "operation" : "move",
            "target" : "group_s"
          } ],
          "reservedFieldsMappingAllowed" : false,
          "skip" : false,
          "id" : "Anda",
          "type" : "field-mapping"
        },
        "f.extraPageLoadDeltaChars" : 0,
        "restrictToTreeUseHostAndPath" : false,
        "f.screenshotFullscreen" : false,
        "f.filteringRootTags" : [ "body", "head" ],
        "startLinks" : [ "https://en.wikipedia.org/wiki/Lucidworks", "https://lucidworks.com/" ],
        "failFastOnStartLinkFailure" : true,
        "f.timeoutMS" : 10000,
        "f.discardLinkURLAnchors" : true,
        "chunkSize" : 1,
        "f.simulateMobile" : false,
        "f.obeyRobotsDelay" : true,
        "f.useHighPerfJsEval" : false,
        "deleteErrorsAfter" : -1,
        "f.userAgentName" : "Lucidworks-Anda/2.0",
        "retryEmit" : true,
        "f.crawlJS" : false,
        "depth" : 3,
        "f.cookieSpec" : "browser-compatibility",
        "f.maxSizeBytes" : 4194304,
        "refreshStartLinks" : false,
        "aliasExpiration" : 1,
        "f.takeScreenshot" : false
      }
    } ]
  },
  "metadata" : {
    "formatVersion" : "1",
    "exportedBy" : "9ba244e6-b04c-4df3-ae5c-3289aefa52b9",
    "exportedDate" : "2018-09-03T19:10:30.416Z",
    "fusionVersion" : "4.0.2",
    "fusionGuid" : "f4340c8a-4709-4663-8630-552ae1466c81"
  }
}