{
  "objects" : {
    "collections" : [ {
      "id" : "XKCD_Vision",
      "createdAt" : "2018-09-13T23:35:12.605Z",
      "searchClusterId" : "default",
      "commitWithin" : 10000,
      "solrParams" : {
        "name" : "XKCD_Vision",
        "numShards" : 1,
        "replicationFactor" : 1
      },
      "type" : "DATA",
      "metadata" : { }
    }, {
      "id" : "XKCD_Vision_signals_aggr",
      "createdAt" : "2018-09-13T23:35:22.365Z",
      "searchClusterId" : "default",
      "commitWithin" : 10000,
      "solrParams" : {
        "name" : "XKCD_Vision_signals_aggr",
        "numShards" : 2,
        "replicationFactor" : 1,
        "maxShardsPerNode" : 2
      },
      "type" : "SIGNALS_AGGREGATION",
      "relatedCollectionId" : "XKCD_Vision",
      "metadata" : { }
    }, {
      "id" : "XKCD_Vision_signals",
      "createdAt" : "2018-09-13T23:35:17.193Z",
      "searchClusterId" : "default",
      "commitWithin" : 10000,
      "solrParams" : {
        "name" : "XKCD_Vision_signals",
        "numShards" : 2,
        "replicationFactor" : 1,
        "maxShardsPerNode" : 2,
        "configTemplate" : "solr/conf/insights.zip"
      },
      "type" : "SIGNALS",
      "relatedCollectionId" : "XKCD_Vision",
      "metadata" : { }
    } ],
    "indexPipelines" : [ {
      "id" : "XKCD_Vision",
      "stages" : [ {
        "type" : "include-doc",
        "id" : "gjb",
        "matchRules" : [ {
          "field" : "id",
          "pattern" : "https://xkcd.com/[0-9]{1,5}/*."
        } ],
        "type" : "include-doc",
        "skip" : false,
        "label" : "Include Comic URIs Only",
        "licensed" : true,
        "secretSourceStageId" : "gjb"
      }, {
        "type" : "javascript-index",
        "id" : "gpk",
        "script" : "function(doc){\n  var File = java.io.File;\n  var Iterator = java.util.Iterator;\n  var Jsoup = org.jsoup.Jsoup;\n  var Document = org.jsoup.nodes.Document;\n  var Element =  org.jsoup.nodes.Element;\n  var Elements = org.jsoup.select.Elements;\n\n  var content = doc.getFirstFieldValue(\"body\");\n  var jdoc = org.jsoup.nodes.Document;\n  var e = java.lang.Exception;\n  var div = org.jsoup.nodes.Element;\n  \n  var img = org.jsoup.nodes.Element;\n  var iter = java.util.Iterator;\n  var divs = org.jsoup.select.Elements;\n\n  try {\n    jdoc = Jsoup.parse(content);\n    divs = jdoc.select(\"div\");\n    iter = divs.iterator();\n    div = null; // initialize our value to null\n\n    while (iter.hasNext()) {\n      div = iter.next();\n      if (div.attr(\"id\").equals(\"comic\")) {\n        // found the containing div of img\n        break; // break out to there\n      }\n    }\n    // break out to here to add field for img src\n    if (div != null) {\n      img = div.child(0); // get the image element\n      logger.info(\"SRC: \" + img.attr(\"src\")); // log the image URL\n      doc.addField(\"image_url\", \"https:\"+img.attr(\"src\"));\n    } else {\n      logger.warn(\"div was null\");\n    }\n  } catch ( e) {\n    logger.warn(\"something went wrong\");\n    logger.error(e);\n  }\n  return doc;\n}",
        "type" : "javascript-index",
        "skip" : false,
        "label" : "Extract Comic Image Link",
        "licensed" : true,
        "secretSourceStageId" : "gpk"
      }, {
        "type" : "indexing-rpc",
        "id" : "htk",
        "mappingRules" : [ {
          "path" : "//responses/labelAnnotations/description",
          "target" : "gv_labels_ss",
          "append" : true,
          "xml" : false
        }, {
          "path" : "//responses/safeSearchAnnotation/racy",
          "target" : "gv_racy_s",
          "append" : false,
          "xml" : false
        }, {
          "path" : "//responses/safeSearchAnnotation/adult",
          "target" : "gv_adult_s",
          "append" : false,
          "xml" : false
        }, {
          "path" : "//responses/safeSearchAnnotation/violence",
          "target" : "gv_violence_s",
          "append" : false,
          "xml" : false
        }, {
          "path" : "//responses/webDetection/webEntities/description",
          "target" : "gv_webentity_ss",
          "append" : true,
          "xml" : false
        }, {
          "path" : "//responses/webDetection/bestGuessLabels/label",
          "target" : "gv_labels_ss",
          "append" : true,
          "xml" : false
        } ],
        "debug" : true,
        "params" : {
          "uri" : "https://vision.googleapis.com/v1/images:annotate",
          "method" : "post",
          "queryParams" : {
            "key" : "AIzaSyBU6BU16TGxzZBSu1ugrfcw4lxPEB6ETM4"
          },
          "headers" : {
            "Accept" : "application/json",
            "Content-Type" : "application/json"
          },
          "entity" : "{\n  \"requests\": [{\n    \"image\": { \"source\":{ \"imageUri\": \"${image_url}\" } },\n    \"features\": \n    [\n      { \"type\": \"LABEL_DETECTION\", \"maxResults\": 10 },\n      { \"type\": \"SAFE_SEARCH_DETECTION\", \"maxResults\": 10 },\n      { \"type\": \"WEB_DETECTION\", \"maxResults\": 20 }\n    ]\n    }]\n }"
        },
        "hasNoSideEffects" : true,
        "type" : "indexing-rpc",
        "skip" : false,
        "label" : "Query Google Vision",
        "licensed" : true,
        "secretSourceStageId" : "htk"
      }, {
        "type" : "field-mapping",
        "id" : "2ae71859-3bf4-466d-8b2a-51146ed0daa9",
        "mappings" : [ {
          "source" : "#transcript",
          "target" : "transcript_t",
          "operation" : "move"
        } ],
        "reservedFieldsMappingAllowed" : false,
        "type" : "field-mapping",
        "skip" : false,
        "licensed" : true,
        "secretSourceStageId" : "2ae71859-3bf4-466d-8b2a-51146ed0daa9"
      }, {
        "type" : "solr-dynamic-field-name-mapping",
        "id" : "28d16a55-43b3-4ab5-9a39-5ff701c9fda0",
        "duplicateSingleValuedFields" : false,
        "fieldsToExclude" : [ ],
        "advancedTextFieldsIndexing" : true,
        "maxTextLengthForAdvancedIndexing" : 100,
        "type" : "solr-dynamic-field-name-mapping",
        "skip" : false,
        "licensed" : true,
        "secretSourceStageId" : "28d16a55-43b3-4ab5-9a39-5ff701c9fda0"
      }, {
        "type" : "solr-index",
        "id" : "8fa488d0-1c7d-4714-93f9-04a18ad5bf8e",
        "enforceSchema" : true,
        "dateFormats" : [ ],
        "params" : [ ],
        "bufferDocsForSolr" : false,
        "type" : "solr-index",
        "skip" : false,
        "licensed" : true,
        "secretSourceStageId" : "8fa488d0-1c7d-4714-93f9-04a18ad5bf8e"
      } ],
      "properties" : {
        "secretSourcePipelineId" : "XKCD_Vision"
      }
    } ],
    "queryPipelines" : [ {
      "id" : "XKCD_Vision",
      "stages" : [ {
        "type" : "set-params",
        "id" : "ow",
        "params" : [ {
          "key" : "fq",
          "value" : "image_url_t:*",
          "policy" : "append"
        } ],
        "type" : "set-params",
        "skip" : false,
        "licensed" : true,
        "secretSourceStageId" : "ow"
      }, {
        "type" : "recommendation",
        "id" : "db01bf08-2693-4006-88cf-d77cf4fe2b67",
        "numRecommendations" : 10,
        "numSignals" : 100,
        "aggrType" : "click@doc_id,filters,query",
        "boostId" : "id",
        "boostingMethod" : "query-param",
        "boostingParam" : "boost",
        "queryParams" : [ {
          "key" : "qf",
          "value" : "query_t"
        }, {
          "key" : "pf",
          "value" : "query_t^50"
        }, {
          "key" : "pf",
          "value" : "query_t~3^20"
        }, {
          "key" : "pf2",
          "value" : "query_t^20"
        }, {
          "key" : "pf2",
          "value" : "query_t~3^10"
        }, {
          "key" : "pf3",
          "value" : "query_t^10"
        }, {
          "key" : "pf3",
          "value" : "query_t~3^5"
        }, {
          "key" : "boost",
          "value" : "map(query({!field f=query_s v=$q}),0,0,1,20)"
        }, {
          "key" : "mm",
          "value" : "50%"
        }, {
          "key" : "defType",
          "value" : "edismax"
        }, {
          "key" : "sort",
          "value" : "score desc, weight_d desc"
        } ],
        "rollupField" : "doc_id_s",
        "rollupWeightField" : "weight_d",
        "weightExpression" : "math:log(weight_d + 1) + 10 * math:log(score+1)",
        "rollupWeightStrategy" : "max",
        "type" : "recommendation",
        "skip" : false,
        "licensed" : true,
        "secretSourceStageId" : "db01bf08-2693-4006-88cf-d77cf4fe2b67"
      }, {
        "type" : "search-fields",
        "id" : "b0570a9e-1402-48e0-a163-eced03fe4116",
        "rows" : 10,
        "start" : 0,
        "queryFields" : [ ],
        "returnFields" : [ "*", "score" ],
        "type" : "search-fields",
        "skip" : false,
        "licensed" : true,
        "secretSourceStageId" : "b0570a9e-1402-48e0-a163-eced03fe4116"
      }, {
        "type" : "facet",
        "id" : "8e3db56e-c124-4406-9526-62cd18c2e7a6",
        "fieldFacets" : [ {
          "field" : "gv_labels_ss",
          "minCount" : 1,
          "missing" : false
        }, {
          "field" : "gv_violence_s",
          "minCount" : 1,
          "missing" : false
        }, {
          "field" : "gv_webentity_ss",
          "minCount" : 1,
          "missing" : false
        }, {
          "field" : "gv_racy_s",
          "minCount" : 1,
          "missing" : false
        }, {
          "field" : "gv_adult_s",
          "minCount" : 1,
          "missing" : false
        } ],
        "type" : "facet",
        "skip" : false,
        "licensed" : true,
        "secretSourceStageId" : "8e3db56e-c124-4406-9526-62cd18c2e7a6",
        "properties" : {
          "autoCreated" : true
        }
      }, {
        "type" : "solr-query",
        "id" : "4dbabe42-ea89-4012-b84f-f7cffe677ceb",
        "allowedRequestHandlers" : [ ],
        "httpMethod" : "POST",
        "allowFederatedSearch" : false,
        "type" : "solr-query",
        "skip" : false,
        "licensed" : true,
        "secretSourceStageId" : "4dbabe42-ea89-4012-b84f-f7cffe677ceb"
      } ],
      "properties" : {
        "secretSourcePipelineId" : "XKCD_Vision"
      }
    } ],
    "features" : {
      "XKCD_Vision" : [ {
        "name" : "partitionByTime",
        "collectionId" : "XKCD_Vision",
        "params" : { },
        "enabled" : false
      }, {
        "name" : "signals",
        "collectionId" : "XKCD_Vision",
        "params" : { },
        "enabled" : true
      }, {
        "name" : "searchLogs",
        "collectionId" : "XKCD_Vision",
        "params" : { },
        "enabled" : true
      }, {
        "name" : "recommendations",
        "collectionId" : "XKCD_Vision",
        "params" : {
          "idField" : "id",
          "itemsForUser" : true,
          "itemsForQuery" : false,
          "itemsForItem" : true,
          "queriesForQuery" : false
        },
        "enabled" : false
      } ],
      "XKCD_Vision_signals_aggr" : [ {
        "name" : "partitionByTime",
        "collectionId" : "XKCD_Vision_signals_aggr",
        "params" : { },
        "enabled" : false
      }, {
        "name" : "signals",
        "collectionId" : "XKCD_Vision_signals_aggr",
        "params" : { },
        "enabled" : false
      }, {
        "name" : "searchLogs",
        "collectionId" : "XKCD_Vision_signals_aggr",
        "params" : { },
        "enabled" : false
      }, {
        "name" : "recommendations",
        "collectionId" : "XKCD_Vision_signals_aggr",
        "params" : {
          "idField" : "id",
          "itemsForUser" : true,
          "itemsForQuery" : false,
          "itemsForItem" : true,
          "queriesForQuery" : false
        },
        "enabled" : false
      } ],
      "XKCD_Vision_signals" : [ {
        "name" : "partitionByTime",
        "collectionId" : "XKCD_Vision_signals",
        "params" : { },
        "enabled" : false
      }, {
        "name" : "signals",
        "collectionId" : "XKCD_Vision_signals",
        "params" : { },
        "enabled" : false
      }, {
        "name" : "searchLogs",
        "collectionId" : "XKCD_Vision_signals",
        "params" : { },
        "enabled" : false
      }, {
        "name" : "recommendations",
        "collectionId" : "XKCD_Vision_signals",
        "params" : {
          "idField" : "id",
          "itemsForUser" : true,
          "itemsForQuery" : false,
          "itemsForItem" : true,
          "queriesForQuery" : false
        },
        "enabled" : false
      } ]
    },
    "indexProfiles" : [ {
      "id" : "XKCD_Vision",
      "indexPipeline" : "XKCD_Vision",
      "collection" : "XKCD_Vision",
      "parser" : "XKCD_Vision",
      "params" : [ ]
    } ],
    "queryProfiles" : [ {
      "id" : "XKCD_Vision",
      "queryPipeline" : "XKCD_Vision",
      "collection" : "XKCD_Vision",
      "searchHandler" : "/select"
    } ],
    "parsers" : [ {
      "id" : "XKCD_Vision",
      "enableMediaTypeDetection" : true,
      "maxParserDepth" : 16,
      "parserStages" : [ {
        "type" : "tika",
        "enabled" : true,
        "mediaTypes" : [ ],
        "pathPatterns" : [ ],
        "errorHandling" : "mark",
        "id" : "a532448f-f1d0-47ea-a540-2ba7ff78d6b2",
        "includeImages" : false,
        "flattenCompound" : true,
        "addFailedDocs" : false,
        "addOriginalContent" : false,
        "contentEncoding" : "binary",
        "returnXml" : true,
        "keepOriginalStructure" : true,
        "extractHtmlLinks" : false,
        "extractOtherLinks" : false,
        "excludeContentTypes" : [ ],
        "zipBombCompressionRatio" : 200,
        "zipBombMaxDepth" : 200,
        "zipBombMaxPackageEntryDepth" : 20,
        "inheritMediaTypes" : true,
        "outputFieldPrefix" : ""
      }, {
        "type" : "fallback",
        "enabled" : true,
        "mediaTypes" : [ ],
        "pathPatterns" : [ ],
        "errorHandling" : "mark",
        "id" : "414c5aef-d8c4-4e1b-8843-087a0f94786b",
        "metadataOnly" : false,
        "maxBytesToKeep" : 1048576,
        "inheritMediaTypes" : true,
        "outputFieldPrefix" : ""
      } ]
    }, {
      "id" : "_lw_tmp_1536883576",
      "enableMediaTypeDetection" : true,
      "maxParserDepth" : 16,
      "parserStages" : [ {
        "type" : "tika",
        "enabled" : true,
        "mediaTypes" : [ ],
        "pathPatterns" : [ ],
        "errorHandling" : "mark",
        "id" : "a532448f-f1d0-47ea-a540-2ba7ff78d6b2",
        "includeImages" : false,
        "flattenCompound" : true,
        "addFailedDocs" : false,
        "addOriginalContent" : false,
        "contentEncoding" : "binary",
        "returnXml" : true,
        "keepOriginalStructure" : true,
        "extractHtmlLinks" : false,
        "extractOtherLinks" : false,
        "excludeContentTypes" : [ ],
        "zipBombCompressionRatio" : 200,
        "zipBombMaxDepth" : 200,
        "zipBombMaxPackageEntryDepth" : 20,
        "inheritMediaTypes" : true,
        "outputFieldPrefix" : ""
      }, {
        "type" : "fallback",
        "enabled" : true,
        "mediaTypes" : [ ],
        "pathPatterns" : [ ],
        "errorHandling" : "mark",
        "id" : "414c5aef-d8c4-4e1b-8843-087a0f94786b",
        "metadataOnly" : false,
        "maxBytesToKeep" : 1048576,
        "inheritMediaTypes" : true,
        "outputFieldPrefix" : ""
      } ]
    } ],
    "objectGroups" : [ {
      "id" : "ec819edd-b658-4d0f-b65e-7d399955372b",
      "name" : "signals-XKCD_Vision",
      "isSystem" : true,
      "description" : "Collection 'XKCD_Vision' objects for signals support"
    } ],
    "links" : [ {
      "subject" : "group:ec819edd-b658-4d0f-b65e-7d399955372b",
      "object" : "spark:XKCD_Vision_click_signals_aggregation",
      "linkType" : "hasPart",
      "originator" : "unspecified"
    }, {
      "subject" : "parser:_lw_tmp_1536883576",
      "object" : "app:XKCD_Vision",
      "linkType" : "inContextOf",
      "originator" : "unspecified"
    }, {
      "subject" : "group:ec819edd-b658-4d0f-b65e-7d399955372b",
      "object" : "collection:XKCD_Vision_signals_aggr",
      "linkType" : "hasPart",
      "originator" : "unspecified"
    }, {
      "subject" : "group:ec819edd-b658-4d0f-b65e-7d399955372b",
      "object" : "spark:XKCD_Vision_session_rollup",
      "linkType" : "hasPart",
      "originator" : "unspecified"
    }, {
      "subject" : "index-profile:XKCD_Vision",
      "object" : "index-pipeline:XKCD_Vision",
      "linkType" : "relatesTo",
      "originator" : "unspecified"
    }, {
      "subject" : "query-pipeline:XKCD_Vision",
      "object" : "app:XKCD_Vision",
      "linkType" : "inContextOf",
      "originator" : "unspecified"
    }, {
      "subject" : "appkit:XKCD_Vision",
      "object" : "app:XKCD_Vision",
      "linkType" : "inContextOf",
      "originator" : "unspecified"
    }, {
      "subject" : "appkit:XKCD_Vision",
      "object" : "blob:webapps/XKCD_Vision.war",
      "linkType" : "dependsOn",
      "originator" : "unspecified"
    }, {
      "subject" : "index-profile:XKCD_Vision",
      "object" : "app:XKCD_Vision",
      "linkType" : "inContextOf",
      "originator" : "unspecified"
    }, {
      "subject" : "parser:XKCD_Vision",
      "object" : "app:XKCD_Vision",
      "linkType" : "inContextOf",
      "originator" : "unspecified"
    }, {
      "subject" : "group:ec819edd-b658-4d0f-b65e-7d399955372b",
      "object" : "collection:XKCD_Vision_signals",
      "linkType" : "hasPart",
      "originator" : "unspecified"
    }, {
      "subject" : "datasource:XKCD",
      "object" : "collection:XKCD_Vision",
      "linkType" : "relatesTo",
      "originator" : "unspecified"
    }, {
      "subject" : "datasource:XKCD",
      "object" : "app:XKCD_Vision",
      "linkType" : "inContextOf",
      "originator" : "unspecified"
    }, {
      "subject" : "collection:XKCD_Vision",
      "object" : "index-pipeline:XKCD_Vision",
      "linkType" : "relatesTo",
      "originator" : "unspecified"
    }, {
      "subject" : "group:ec819edd-b658-4d0f-b65e-7d399955372b",
      "object" : "spark:XKCD_Vision_user_item_preferences_aggregation",
      "linkType" : "hasPart",
      "originator" : "unspecified"
    }, {
      "subject" : "group:ec819edd-b658-4d0f-b65e-7d399955372b",
      "object" : "collection:XKCD_Vision",
      "linkType" : "relatesTo",
      "originator" : "unspecified"
    }, {
      "subject" : "index-pipeline:XKCD_Vision",
      "object" : "app:XKCD_Vision",
      "linkType" : "inContextOf",
      "originator" : "unspecified"
    }, {
      "subject" : "group:ec819edd-b658-4d0f-b65e-7d399955372b",
      "object" : "spark:XKCD_Vision_head_tail",
      "linkType" : "hasPart",
      "originator" : "unspecified"
    }, {
      "subject" : "group:ec819edd-b658-4d0f-b65e-7d399955372b",
      "object" : "spark:XKCD_Vision_user_query_history_aggregation",
      "linkType" : "hasPart",
      "originator" : "unspecified"
    }, {
      "subject" : "query-profile:XKCD_Vision",
      "object" : "collection:XKCD_Vision",
      "linkType" : "relatesTo",
      "originator" : "unspecified"
    }, {
      "subject" : "collection:XKCD_Vision",
      "object" : "query-pipeline:XKCD_Vision",
      "linkType" : "relatesTo",
      "originator" : "unspecified"
    }, {
      "subject" : "app:XKCD_Vision",
      "object" : "group:_shared",
      "linkType" : "relatesTo",
      "originator" : "unspecified"
    }, {
      "subject" : "query-profile:XKCD_Vision",
      "object" : "query-pipeline:XKCD_Vision",
      "linkType" : "relatesTo",
      "originator" : "unspecified"
    }, {
      "subject" : "index-profile:XKCD_Vision",
      "object" : "collection:XKCD_Vision",
      "linkType" : "relatesTo",
      "originator" : "unspecified"
    }, {
      "subject" : "collection:XKCD_Vision",
      "object" : "app:XKCD_Vision",
      "linkType" : "inContextOf",
      "originator" : "unspecified"
    } ],
    "jobs" : [ {
      "resource" : "spark:XKCD_Vision_click_signals_aggregation",
      "enabled" : true,
      "triggers" : [ {
        "type" : "interval",
        "enabled" : true,
        "interval" : 15,
        "timeUnit" : "minute",
        "startTime" : "2018-09-13T23:50:28.057Z",
        "type" : "interval"
      } ],
      "default" : false
    }, {
      "resource" : "spark:XKCD_Vision_user_query_history_aggregation",
      "enabled" : true,
      "triggers" : [ {
        "type" : "interval",
        "enabled" : true,
        "interval" : 1,
        "timeUnit" : "day",
        "startTime" : "2018-09-13T23:54:28.420Z",
        "type" : "interval"
      } ],
      "default" : false
    }, {
      "resource" : "spark:XKCD_Vision_head_tail",
      "enabled" : true,
      "triggers" : [ {
        "type" : "interval",
        "enabled" : true,
        "interval" : 1,
        "timeUnit" : "day",
        "startTime" : "2018-09-14T23:35:28.654Z",
        "type" : "interval"
      } ],
      "default" : false
    }, {
      "resource" : "spark:XKCD_Vision_user_item_preferences_aggregation",
      "enabled" : true,
      "triggers" : [ {
        "type" : "interval",
        "enabled" : true,
        "interval" : 1,
        "timeUnit" : "day",
        "startTime" : "2018-09-13T23:52:28.282Z",
        "type" : "interval"
      } ],
      "default" : false
    }, {
      "resource" : "spark:XKCD_Vision_session_rollup",
      "enabled" : true,
      "triggers" : [ {
        "type" : "interval",
        "enabled" : true,
        "interval" : 15,
        "timeUnit" : "minute",
        "startTime" : "2018-09-13T23:50:28.193Z",
        "type" : "interval"
      } ],
      "default" : false
    } ],
    "sparkJobs" : [ {
      "type" : "sql_template",
      "id" : "XKCD_Vision_user_item_preferences_aggregation",
      "inputCollection" : "XKCD_Vision_signals",
      "outputCollection" : "XKCD_Vision_signals_aggr",
      "sql" : "WITH signal_type_groups AS (\n    SELECT SUM(count_i) AS typed_aggr_count_i,\n           doc_id,\n           user_id,\n           type,\n           time_decay(count_i, timestamp_tdt, \"30 days\", ref_time, weight_d) AS typed_weight_d\n      FROM ${inputCollection}\n     WHERE type IN (${signalTypes})\n  GROUP BY user_id, doc_id, type\n ) SELECT SUM(typed_aggr_count_i) AS aggr_count_i,\n          doc_id AS doc_id_s,\n          user_id AS user_id_s,\n          weighted_sum(typed_weight_d, type, '${signalTypeWeights}') AS weight_d\n     FROM signal_type_groups\n GROUP BY doc_id, user_id",
      "parameters" : [ {
        "key" : "signalTypeWeights",
        "value" : "click:1.0,cart:10.0,purchase:25.0"
      } ],
      "selectQuery" : "*:*",
      "sourceRemove" : false,
      "sourceCatchup" : true,
      "outputRollup" : true,
      "hiddenParameters" : [ {
        "key" : "signalTypes",
        "value" : "_regex/signalTypeWeights/([\\w\\-\\.]*):([\\d\\.\\-]*)(,|$)/'$1'$3/g"
      } ],
      "skipCheckEnabled" : true,
      "notes" : "Computes an aggregated weight for each user / item combination found in the signals collection. The weight for each group is computed using an exponential time-decay on signal count (30 day half-life) and a weighted sum based on the signal type. Use the 'signalTypeWeights' parameter to set the correct signal types and weights for your dataset. The results of this job can be used as input to the ALS recommendation job."
    }, {
      "type" : "sql_template",
      "id" : "XKCD_Vision_user_query_history_aggregation",
      "inputCollection" : "XKCD_Vision_signals",
      "outputCollection" : "XKCD_Vision_signals_aggr",
      "sql" : "WITH signal_type_groups AS (\n    SELECT SUM(count_i) AS typed_aggr_count_i,\n           user_id,\n           query,\n           type,\n           time_decay(count_i, timestamp_tdt, \"30 days\", ref_time, weight_d) AS typed_weight_d\n      FROM ${inputCollection}\n     WHERE type IN (${signalTypes})\n  GROUP BY query, user_id, type\n ) SELECT SUM(typed_aggr_count_i) AS aggr_count_i,\n          user_id AS user_id_s,\n          query AS query_s,\n          weighted_sum(typed_weight_d, type, '${signalTypeWeights}') AS weight_d\n     FROM signal_type_groups\n GROUP BY user_id, query",
      "parameters" : [ {
        "key" : "signalTypeWeights",
        "value" : "click:1.0,cart:10.0,purchase:25.0"
      } ],
      "selectQuery" : "*:*",
      "sourceRemove" : false,
      "sourceCatchup" : true,
      "outputRollup" : true,
      "hiddenParameters" : [ {
        "key" : "signalTypes",
        "value" : "_regex/signalTypeWeights/([\\w\\-\\.]*):([\\d\\.\\-]*)(,|$)/'$1'$3/g"
      } ],
      "skipCheckEnabled" : true,
      "notes" : "Computes an aggregated weight for each user / query combination found in the signals collection. The weight for each group is computed using an exponential time-decay on signal count (30 day half-life) and a weighted sum based on the signal type. Use the 'signalTypeWeights' parameter to set the correct signal types and weights for your dataset. The results of this job can be used to boost queries for a user based on their past queries."
    }, {
      "type" : "sql_template",
      "id" : "XKCD_Vision_session_rollup",
      "inputCollection" : "XKCD_Vision_signals",
      "outputCollection" : "XKCD_Vision_signals",
      "sql" : "WITH session_agg AS (\n     SELECT COUNT(1) AS activity_count,\n            MIN(timestamp_tdt) AS start,\n            MAX(timestamp_tdt) AS end,\n            timediff(MAX(timestamp_tdt), MIN(timestamp_tdt), \"MINUTES\") AS duration,\n            'session' AS type,\n            first(user_id) AS user,\n            session_keywords(query) AS keywords,\n            session\n       FROM ${inputCollection}\n      WHERE timestamp_tdt IS NOT NULL\n        AND type != 'session'\n        AND session IS NOT NULL\n        AND session NOT IN (SELECT session FROM ${inputCollection} WHERE type = 'session' AND session IS NOT NULL)\n   GROUP BY session\n     HAVING timediff(current_timestamp(), MAX(timestamp_tdt), \"SECONDS\") >= ${elapsedSecsSinceLastActivity} OR timediff(current_timestamp(), MIN(timestamp_tdt), \"SECONDS\") >= ${elapsedSecsSinceSessionStart})\n SELECT activity_count, start, end, duration, type, user, keywords, session FROM session_agg",
      "parameters" : [ {
        "key" : "elapsedSecsSinceLastActivity",
        "value" : "360"
      }, {
        "key" : "elapsedSecsSinceSessionStart",
        "value" : "3600"
      } ],
      "selectQuery" : "*:*",
      "sourceRemove" : false,
      "sourceCatchup" : false,
      "outputRollup" : false,
      "hiddenParameters" : [ {
        "key" : "outputProjectedFieldsOnly",
        "value" : "true"
      } ],
      "skipCheckEnabled" : false,
      "notes" : "Aggregate related user activity into a session signal containing activity count, duration, and keywords (based on user search terms). This job is used by the Fusion Insights application to show reports about user sessions. Use the 'elapsedSecsSinceLastActivity' and 'elapsedSecsSinceSessionStart' parameters to determine when a user session is considered to be complete."
    }, {
      "type" : "sql_template",
      "id" : "XKCD_Vision_click_signals_aggregation",
      "inputCollection" : "XKCD_Vision_signals",
      "outputCollection" : "XKCD_Vision_signals_aggr",
      "sql" : "WITH sigs_with_filters AS (\n   SELECT c.query as query,\n          c.doc_id,\n          q.filters_s as filters,\n          c.type,\n          c.ref_time,\n          c.count_i,\n          c.timestamp_tdt,\n          c.weight_d\n     FROM ${inputCollection} c\n LEFT JOIN (SELECT id, filters_s FROM ${inputCollection} WHERE type='response') q ON q.id = c.fusion_query_id\n    WHERE c.type IN (${signalTypes})\n ), signal_type_groups AS (\n     SELECT SUM(count_i) AS typed_aggr_count_i,\n            query,\n            doc_id,\n            type,\n            filters,\n            time_decay(count_i, timestamp_tdt, \"30 days\", ref_time, weight_d) AS typed_weight_d\n       FROM sigs_with_filters\n   GROUP BY doc_id, query, filters, type\n ) SELECT SUM(typed_aggr_count_i) AS aggr_count_i,\n          query AS query_s,\n          query AS query_t,\n          doc_id AS doc_id_s,\n          filters AS filters_s,\n          SPLIT(filters, ' \\\\$ ') AS filters_ss,\n          weighted_sum(typed_weight_d, type, '${signalTypeWeights}') AS weight_d\n     FROM signal_type_groups\n GROUP BY query, doc_id, filters",
      "rollupSql" : "SELECT query_s,\n          query_s as query_t,\n          doc_id_s,\n          filters_s,\n          first(aggr_type_s) AS aggr_type_s,\n          SPLIT(filters_s, ' \\\\$ ') AS filters_ss,\n          SUM(weight_d) AS weight_d,\n          SUM(aggr_count_i) AS aggr_count_i\n     FROM XKCD_Vision_signals_aggr\n GROUP BY query_s, doc_id_s, filters_s",
      "parameters" : [ {
        "key" : "signalTypeWeights",
        "value" : "click:1.0,cart:10.0,purchase:25.0"
      } ],
      "selectQuery" : "*:*",
      "sourceRemove" : false,
      "sourceCatchup" : true,
      "outputRollup" : true,
      "hiddenParameters" : [ {
        "key" : "signalTypes",
        "value" : "_regex/signalTypeWeights/([\\w\\-\\.]*):([\\d\\.\\-]*)(,|$)/'$1'$3/g"
      }, {
        "key" : "optimizeOutput",
        "value" : "4"
      } ],
      "skipCheckEnabled" : true,
      "notes" : "Computes an aggregated weight for each query / item combination found in the signals collection. The weight for each group is computed using an exponential time-decay on signal count (30 day half-life) and a weighted sum based on the signal type. Use the 'signalTypeWeights' parameter to set the correct signal types and weights for your dataset. The results of this job can be used to boost documents at query time using the boosting stage."
    }, {
      "type" : "headTailAnalysis",
      "id" : "XKCD_Vision_head_tail",
      "randomSeed" : 1234,
      "trainingCollection" : "XKCD_Vision_signals",
      "outputCollection" : "XKCD_Vision_signals_aggr",
      "overwriteOutput" : true,
      "trainingDataFilterQuery" : "type:click OR type:response",
      "fieldToVectorize" : "query",
      "trainingDataFrameConfigOptions" : { },
      "analyzerConfigQuery" : "{ \"analyzers\": [ { \"name\": \"StdTokLowerStem\",\"charFilters\": [ { \"type\": \"htmlstrip\" } ],\"tokenizer\": { \"type\": \"standard\" },\"filters\": [{ \"type\": \"lowercase\" },{ \"type\": \"englishminimalstem\" }] }],\"fields\": [{ \"regex\": \".+\", \"analyzer\": \"StdTokLowerStem\" } ]}",
      "countField" : "count_i",
      "mainType" : "click",
      "filterType" : "response",
      "signalTypeField" : "type",
      "minCountMain" : 1,
      "minCountFilter" : 20,
      "queryLenThreshold" : 2,
      "userHead" : -1.0,
      "userTail" : -1.0,
      "topQ" : [ 100.0, 0.01 ],
      "trafficPerc" : [ 0.25, 0.5, 0.75 ],
      "lastTraffic" : [ 0.01 ],
      "trafficCount" : [ 5.0 ],
      "overlapThreshold" : 4,
      "lenScale" : 6,
      "overlapNumBoost" : 10.0,
      "headQueryCntBoost" : 1.0,
      "tailRewrite" : true,
      "dataFormat" : "solr",
      "trainingDataSamplingFraction" : 1.0,
      "stopwordsList" : [ ]
    } ],
    "blobs" : [ {
      "id" : "webapps/XKCD_Vision.war",
      "path" : "/webapps/XKCD_Vision.war",
      "dir" : "/webapps",
      "filename" : "XKCD_Vision.war",
      "contentType" : "application/zip",
      "size" : 85426964,
      "modifiedTime" : "2018-09-14T22:38:53.000Z",
      "version" : 1611624332351504384,
      "md5" : "45d58ce81fad03112accbb9afc9c067b",
      "metadata" : {
        "last-modified" : "1536886379485",
        "type" : "appkit:war"
      }
    } ],
    "appkitApps" : [ {
      "appkitApp" : {
        "id" : "XKCD_Vision",
        "name" : "XKCD Vision",
        "contextPath" : "/XKCD_Vision",
        "enabled" : true,
        "war" : "webapps/XKCD_Vision.war"
      },
      "editingSessions" : [ ]
    } ],
    "fusionApps" : [ {
      "id" : "XKCD_Vision",
      "name" : "XKCD Vision",
      "description" : "X-Ray Vision for the XKCD comic located at xkcd.com. Provides searchable images in a simple UI.",
      "dataUri" : "/admin/App-Tile-02-460x160.png",
      "properties" : {
        "headerImageName" : "headerImage2",
        "tileColor" : "apps-darkblue",
        "previousCollectionId" : "XKCD_Vision"
      }
    } ],
    "dataSources" : [ {
      "id" : "XKCD",
      "created" : "2018-09-13T23:36:42.741Z",
      "modified" : "2018-09-13T23:36:42.741Z",
      "connector" : "lucid.web",
      "type" : "web",
      "description" : "XKCD website crawl.",
      "pipeline" : "XKCD_Vision",
      "parserId" : "XKCD_Vision",
      "properties" : {
        "refreshOlderThan" : -1,
        "f.appendTrailingSlashToLinks" : false,
        "refreshErrors" : false,
        "restrictToTreeIgnoredHostPrefixes" : [ "www." ],
        "dedupeSaveSignature" : false,
        "crawlDBType" : "in-memory",
        "f.firefoxHeadlessBrowser" : true,
        "f.discardLinkURLQueries" : false,
        "fetchDelayMS" : 0,
        "f.respectMetaEquivRedirects" : false,
        "refreshAll" : true,
        "f.defaultMIMEType" : "application/octet-stream",
        "f.extraLoadTimeMs" : 250,
        "f.jsPageLoadTimeout" : 20000,
        "restrictToTreeAllowSubdomains" : false,
        "f.jsScriptTimeout" : 20000,
        "f.requestCounterMinWaitMs" : 5000,
        "maxItems" : 200,
        "f.jsAjaxTimeout" : 20000,
        "f.tagIDFields" : [ "transcript" ],
        "dedupe" : false,
        "f.scrapeLinksBeforeFiltering" : false,
        "trackEmbeddedIDs" : true,
        "f.allowAllCertificates" : false,
        "collection" : "XKCD_Vision",
        "forceRefresh" : false,
        "delete404" : true,
        "f.obeyRobots" : true,
        "parserRetryCount" : 0,
        "f.quitTimeoutMs" : 5000,
        "fetchDelayMSPerHost" : true,
        "fetchThreads" : 5,
        "indexCrawlDBToSolr" : false,
        "f.requestRetryCount" : 0,
        "restrictToTree" : false,
        "retainOutlinks" : false,
        "f.defaultCharSet" : "UTF-8",
        "f.useRequestCounter" : true,
        "emitThreads" : 5,
        "f.headlessBrowser" : true,
        "f.useFirefox" : false,
        "f.canonicalTagsRedirectLimit" : 4,
        "f.requestCounterMaxWaitMs" : 20000,
        "diagnosticMode" : false,
        "f.followCanonicalTags" : true,
        "delete" : true,
        "initial_mapping" : {
          "mappings" : [ {
            "source" : "charSet",
            "operation" : "move",
            "target" : "charSet_s"
          }, {
            "source" : "fetchedDate",
            "operation" : "move",
            "target" : "fetchedDate_dt"
          }, {
            "source" : "lastModified",
            "operation" : "move",
            "target" : "lastModified_dt"
          }, {
            "source" : "signature",
            "operation" : "move",
            "target" : "dedupeSignature_s"
          }, {
            "source" : "contentSignature",
            "operation" : "move",
            "target" : "signature_s"
          }, {
            "source" : "length",
            "operation" : "move",
            "target" : "length_l"
          }, {
            "source" : "mimeType",
            "operation" : "move",
            "target" : "mimeType_s"
          }, {
            "source" : "parent",
            "operation" : "move",
            "target" : "parent_s"
          }, {
            "source" : "owner",
            "operation" : "move",
            "target" : "owner_s"
          }, {
            "source" : "group",
            "operation" : "move",
            "target" : "group_s"
          } ],
          "reservedFieldsMappingAllowed" : false,
          "skip" : false,
          "id" : "FromMap",
          "type" : "field-mapping"
        },
        "f.extraPageLoadDeltaChars" : 0,
        "restrictToTreeUseHostAndPath" : false,
        "sitemap_incremental_crawling" : false,
        "f.screenshotFullscreen" : false,
        "f.filteringRootTags" : [ "body", "head" ],
        "startLinks" : [ "https://xkcd.com/" ],
        "failFastOnStartLinkFailure" : true,
        "f.timeoutMS" : 10000,
        "f.discardLinkURLAnchors" : true,
        "chunkSize" : 1,
        "f.simulateMobile" : false,
        "f.obeyRobotsDelay" : true,
        "f.useHighPerfJsEval" : false,
        "deleteErrorsAfter" : -1,
        "f.userAgentName" : "Lucidworks-Anda/2.0",
        "retryEmit" : true,
        "f.crawlJS" : false,
        "depth" : -1,
        "f.cookieSpec" : "browser-compatibility",
        "f.maxSizeBytes" : 4194304,
        "refreshStartLinks" : false,
        "aliasExpiration" : 1,
        "f.takeScreenshot" : false
      }
    } ]
  },
  "metadata" : {
    "formatVersion" : "1",
    "exportedBy" : "53f5ab83-5f65-4f2c-b9fc-28347cfec0f1",
    "exportedDate" : "2018-09-15T00:00:58.167Z",
    "fusionVersion" : "4.1.0",
    "fusionGuid" : "dc414186-c747-47a9-b59c-8263c4a567ed"
  }
}