{
  "objects" : {
    "collections" : [ {
      "id" : "Fusion_Starter_for_4_1_0_signals_aggr",
      "createdAt" : "2018-09-13T23:10:29.163Z",
      "searchClusterId" : "default",
      "commitWithin" : 10000,
      "solrParams" : {
        "name" : "Fusion_Starter_for_4_1_0_signals_aggr",
        "numShards" : 2,
        "replicationFactor" : 1,
        "maxShardsPerNode" : 2
      },
      "type" : "SIGNALS_AGGREGATION",
      "relatedCollectionId" : "Fusion_Starter_for_4_1_0",
      "metadata" : { }
    }, {
      "id" : "Fusion_Starter_for_4_1_0_signals",
      "createdAt" : "2018-09-13T23:10:23.969Z",
      "searchClusterId" : "default",
      "commitWithin" : 10000,
      "solrParams" : {
        "name" : "Fusion_Starter_for_4_1_0_signals",
        "numShards" : 2,
        "replicationFactor" : 1,
        "maxShardsPerNode" : 2,
        "configTemplate" : "solr/conf/insights.zip"
      },
      "type" : "SIGNALS",
      "relatedCollectionId" : "Fusion_Starter_for_4_1_0",
      "metadata" : { }
    }, {
      "id" : "Fusion_Starter_for_4_1_0",
      "createdAt" : "2018-09-13T23:10:19.286Z",
      "searchClusterId" : "default",
      "commitWithin" : 10000,
      "solrParams" : {
        "name" : "Fusion_Starter_for_4_1_0",
        "numShards" : 1,
        "replicationFactor" : 1
      },
      "type" : "DATA",
      "metadata" : { }
    } ],
    "indexPipelines" : [ {
      "id" : "Fusion_Starter_for_4_1_0",
      "stages" : [ {
        "type" : "field-mapping",
        "id" : "0b8077cd-2ef3-4534-8b3a-8cc9b34059de",
        "mappings" : [ ],
        "reservedFieldsMappingAllowed" : false,
        "type" : "field-mapping",
        "skip" : false,
        "licensed" : true,
        "secretSourceStageId" : "0b8077cd-2ef3-4534-8b3a-8cc9b34059de"
      }, {
        "type" : "solr-dynamic-field-name-mapping",
        "id" : "f3236745-cc05-4828-ad52-1f8757075471",
        "duplicateSingleValuedFields" : false,
        "fieldsToExclude" : [ ],
        "advancedTextFieldsIndexing" : true,
        "maxTextLengthForAdvancedIndexing" : 100,
        "type" : "solr-dynamic-field-name-mapping",
        "skip" : false,
        "licensed" : true,
        "secretSourceStageId" : "f3236745-cc05-4828-ad52-1f8757075471"
      }, {
        "type" : "solr-index",
        "id" : "6dd0c8f3-fdc1-4a7d-9397-26768f4d7ee2",
        "enforceSchema" : true,
        "dateFormats" : [ ],
        "params" : [ ],
        "bufferDocsForSolr" : false,
        "type" : "solr-index",
        "skip" : false,
        "licensed" : true,
        "secretSourceStageId" : "6dd0c8f3-fdc1-4a7d-9397-26768f4d7ee2"
      } ],
      "properties" : {
        "secretSourcePipelineId" : "Fusion_Starter_for_4_1_0"
      }
    } ],
    "queryPipelines" : [ {
      "id" : "Fusion_Starter_for_4_1_0",
      "stages" : [ {
        "type" : "recommendation",
        "id" : "f939a23d-1223-4cd8-90e2-a7de19e031fd",
        "numRecommendations" : 10,
        "numSignals" : 100,
        "aggrType" : "click@doc_id,filters,query",
        "boostId" : "id",
        "boostingMethod" : "query-param",
        "boostingParam" : "boost",
        "queryParams" : [ {
          "key" : "qf",
          "value" : "query_t"
        }, {
          "key" : "pf",
          "value" : "query_t^50"
        }, {
          "key" : "pf",
          "value" : "query_t~3^20"
        }, {
          "key" : "pf2",
          "value" : "query_t^20"
        }, {
          "key" : "pf2",
          "value" : "query_t~3^10"
        }, {
          "key" : "pf3",
          "value" : "query_t^10"
        }, {
          "key" : "pf3",
          "value" : "query_t~3^5"
        }, {
          "key" : "boost",
          "value" : "map(query({!field f=query_s v=$q}),0,0,1,20)"
        }, {
          "key" : "mm",
          "value" : "50%"
        }, {
          "key" : "defType",
          "value" : "edismax"
        }, {
          "key" : "sort",
          "value" : "score desc, weight_d desc"
        } ],
        "rollupField" : "doc_id_s",
        "rollupWeightField" : "weight_d",
        "weightExpression" : "math:log(weight_d + 1) + 10 * math:log(score+1)",
        "rollupWeightStrategy" : "max",
        "type" : "recommendation",
        "skip" : false,
        "licensed" : true,
        "secretSourceStageId" : "f939a23d-1223-4cd8-90e2-a7de19e031fd"
      }, {
        "type" : "search-fields",
        "id" : "d18d0fc7-6539-439d-b682-af70d666b78a",
        "rows" : 10,
        "start" : 0,
        "queryFields" : [ ],
        "returnFields" : [ "*", "score" ],
        "type" : "search-fields",
        "skip" : false,
        "licensed" : true,
        "secretSourceStageId" : "d18d0fc7-6539-439d-b682-af70d666b78a"
      }, {
        "type" : "facet",
        "id" : "e8a23606-62dd-441a-ad47-8581b9eba239",
        "fieldFacets" : [ ],
        "type" : "facet",
        "skip" : false,
        "licensed" : true,
        "secretSourceStageId" : "e8a23606-62dd-441a-ad47-8581b9eba239"
      }, {
        "type" : "solr-query",
        "id" : "ba8ecf50-baa0-4d82-8a48-51c906fa9daf",
        "allowedRequestHandlers" : [ ],
        "httpMethod" : "POST",
        "allowFederatedSearch" : false,
        "type" : "solr-query",
        "skip" : false,
        "licensed" : true,
        "secretSourceStageId" : "ba8ecf50-baa0-4d82-8a48-51c906fa9daf"
      } ],
      "properties" : {
        "secretSourcePipelineId" : "Fusion_Starter_for_4_1_0"
      }
    } ],
    "features" : {
      "Fusion_Starter_for_4_1_0_signals_aggr" : [ {
        "name" : "partitionByTime",
        "collectionId" : "Fusion_Starter_for_4_1_0_signals_aggr",
        "params" : { },
        "enabled" : false
      }, {
        "name" : "signals",
        "collectionId" : "Fusion_Starter_for_4_1_0_signals_aggr",
        "params" : { },
        "enabled" : false
      }, {
        "name" : "searchLogs",
        "collectionId" : "Fusion_Starter_for_4_1_0_signals_aggr",
        "params" : { },
        "enabled" : false
      }, {
        "name" : "recommendations",
        "collectionId" : "Fusion_Starter_for_4_1_0_signals_aggr",
        "params" : {
          "idField" : "id",
          "itemsForUser" : true,
          "itemsForQuery" : false,
          "itemsForItem" : true,
          "queriesForQuery" : false
        },
        "enabled" : false
      } ],
      "Fusion_Starter_for_4_1_0_signals" : [ {
        "name" : "partitionByTime",
        "collectionId" : "Fusion_Starter_for_4_1_0_signals",
        "params" : { },
        "enabled" : false
      }, {
        "name" : "signals",
        "collectionId" : "Fusion_Starter_for_4_1_0_signals",
        "params" : { },
        "enabled" : false
      }, {
        "name" : "searchLogs",
        "collectionId" : "Fusion_Starter_for_4_1_0_signals",
        "params" : { },
        "enabled" : false
      }, {
        "name" : "recommendations",
        "collectionId" : "Fusion_Starter_for_4_1_0_signals",
        "params" : {
          "idField" : "id",
          "itemsForUser" : true,
          "itemsForQuery" : false,
          "itemsForItem" : true,
          "queriesForQuery" : false
        },
        "enabled" : false
      } ],
      "Fusion_Starter_for_4_1_0" : [ {
        "name" : "partitionByTime",
        "collectionId" : "Fusion_Starter_for_4_1_0",
        "params" : { },
        "enabled" : false
      }, {
        "name" : "signals",
        "collectionId" : "Fusion_Starter_for_4_1_0",
        "params" : { },
        "enabled" : true
      }, {
        "name" : "searchLogs",
        "collectionId" : "Fusion_Starter_for_4_1_0",
        "params" : { },
        "enabled" : true
      }, {
        "name" : "recommendations",
        "collectionId" : "Fusion_Starter_for_4_1_0",
        "params" : {
          "idField" : "id",
          "itemsForUser" : true,
          "itemsForQuery" : false,
          "itemsForItem" : true,
          "queriesForQuery" : false
        },
        "enabled" : false
      } ]
    },
    "indexProfiles" : [ {
      "id" : "Fusion_Starter_for_4_1_0",
      "indexPipeline" : "Fusion_Starter_for_4_1_0",
      "collection" : "Fusion_Starter_for_4_1_0",
      "parser" : "Fusion_Starter_for_4_1_0",
      "params" : [ ]
    } ],
    "queryProfiles" : [ {
      "id" : "Fusion_Starter_for_4_1_0",
      "queryPipeline" : "Fusion_Starter_for_4_1_0",
      "collection" : "Fusion_Starter_for_4_1_0",
      "searchHandler" : "/select"
    } ],
    "parsers" : [ {
      "id" : "Fusion_Starter_for_4_1_0",
      "enableMediaTypeDetection" : true,
      "maxParserDepth" : 16,
      "parserStages" : [ {
        "type" : "archive",
        "enabled" : true,
        "mediaTypes" : [ ],
        "pathPatterns" : [ ],
        "errorHandling" : "mark",
        "id" : "e755deb7-7954-417e-ae52-72960bd234b5",
        "alwaysDetect" : true,
        "inheritMediaTypes" : true,
        "outputFieldPrefix" : ""
      }, {
        "type" : "csv",
        "enabled" : true,
        "mediaTypes" : [ ],
        "pathPatterns" : [ ],
        "errorHandling" : "mark",
        "id" : "65bfb575-0489-4b23-ae48-ac340c72fecc",
        "charset" : "detect",
        "ignoreBOM" : false,
        "autoDetect" : true,
        "hasHeaders" : true,
        "headers" : [ ],
        "fillValue" : "<FILL>",
        "trimWhitespace" : true,
        "skipEmptyLines" : true,
        "includeRowNumber" : true,
        "commentHandling" : "ignore",
        "maxRowLength" : 10485760,
        "maxNumColumns" : 1000,
        "maxColumnChars" : 10485760,
        "columnHandling" : "default",
        "inheritMediaTypes" : true,
        "outputFieldPrefix" : ""
      }, {
        "type" : "json",
        "enabled" : true,
        "mediaTypes" : [ ],
        "pathPatterns" : [ ],
        "errorHandling" : "mark",
        "id" : "27d1e6da-0896-4586-8eb7-3277e05fa673",
        "splitArrays" : true,
        "includePath" : false,
        "mappings" : [ ],
        "listHandling" : "multivalued",
        "inheritMediaTypes" : true,
        "outputFieldPrefix" : ""
      }, {
        "type" : "xml",
        "enabled" : true,
        "mediaTypes" : [ ],
        "pathPatterns" : [ ],
        "errorHandling" : "mark",
        "id" : "fe60e439-dfa0-485f-bcf2-4a5ae5e0e3df",
        "rootPaths" : [ "/" ],
        "maxSize" : 65536,
        "listHandling" : "multivalued",
        "inheritMediaTypes" : true,
        "outputFieldPrefix" : ""
      }, {
        "type" : "html",
        "enabled" : true,
        "mediaTypes" : [ ],
        "pathPatterns" : [ ],
        "errorHandling" : "mark",
        "id" : "730f6a67-1102-438e-a772-857fb01b928d",
        "charset" : "detect",
        "mappings" : [ ],
        "keepParent" : true,
        "extractHtmlLinks" : false,
        "extractBodyText" : true,
        "metatagsPrefix" : "",
        "inheritMediaTypes" : true,
        "outputFieldPrefix" : ""
      }, {
        "type" : "text",
        "enabled" : true,
        "mediaTypes" : [ ],
        "pathPatterns" : [ ],
        "errorHandling" : "mark",
        "id" : "8f5b4334-3f35-40f9-81f9-fd194db55acf",
        "charset" : "detect",
        "ignoreBOM" : false,
        "maxLength" : 1048576,
        "maxLineLength" : 1048576,
        "outputField" : "body",
        "splitLines" : false,
        "skipEmptyLines" : false,
        "skipHeaderLines" : 0,
        "trimWhitespace" : false,
        "commentHandling" : "include",
        "comment" : "#",
        "commentField" : "comment",
        "inheritMediaTypes" : true,
        "outputFieldPrefix" : ""
      }, {
        "type" : "tika",
        "enabled" : true,
        "mediaTypes" : [ ],
        "pathPatterns" : [ ],
        "errorHandling" : "mark",
        "id" : "c89301d3-ae1a-4cd7-8327-2e6337bf6706",
        "includeImages" : false,
        "flattenCompound" : true,
        "addFailedDocs" : false,
        "addOriginalContent" : false,
        "contentEncoding" : "binary",
        "returnXml" : false,
        "keepOriginalStructure" : false,
        "extractHtmlLinks" : false,
        "extractOtherLinks" : false,
        "excludeContentTypes" : [ ],
        "zipBombCompressionRatio" : 200,
        "zipBombMaxDepth" : 200,
        "zipBombMaxPackageEntryDepth" : 20,
        "inheritMediaTypes" : true,
        "outputFieldPrefix" : ""
      }, {
        "type" : "fallback",
        "enabled" : true,
        "mediaTypes" : [ ],
        "pathPatterns" : [ ],
        "errorHandling" : "mark",
        "id" : "fc4a354c-0f26-4c27-8267-d15834e45368",
        "metadataOnly" : false,
        "maxBytesToKeep" : 1048576,
        "inheritMediaTypes" : true,
        "outputFieldPrefix" : ""
      } ]
    } ],
    "objectGroups" : [ {
      "id" : "995a8bab-c7ca-46d1-8d7e-d1d4abf02efc",
      "name" : "signals-Fusion_Starter_for_4_1_0",
      "isSystem" : true,
      "description" : "Collection 'Fusion_Starter_for_4_1_0' objects for signals support"
    } ],
    "links" : [ {
      "subject" : "group:995a8bab-c7ca-46d1-8d7e-d1d4abf02efc",
      "object" : "spark:Fusion_Starter_for_4_1_0_user_item_preferences_aggregation",
      "linkType" : "hasPart",
      "originator" : "unspecified"
    }, {
      "subject" : "collection:Fusion_Starter_for_4_1_0",
      "object" : "index-pipeline:Fusion_Starter_for_4_1_0",
      "linkType" : "relatesTo",
      "originator" : "unspecified"
    }, {
      "subject" : "group:995a8bab-c7ca-46d1-8d7e-d1d4abf02efc",
      "object" : "spark:Fusion_Starter_for_4_1_0_click_signals_aggregation",
      "linkType" : "hasPart",
      "originator" : "unspecified"
    }, {
      "subject" : "query-profile:Fusion_Starter_for_4_1_0",
      "object" : "query-pipeline:Fusion_Starter_for_4_1_0",
      "linkType" : "relatesTo",
      "originator" : "unspecified"
    }, {
      "subject" : "group:995a8bab-c7ca-46d1-8d7e-d1d4abf02efc",
      "object" : "collection:Fusion_Starter_for_4_1_0_signals_aggr",
      "linkType" : "hasPart",
      "originator" : "unspecified"
    }, {
      "subject" : "group:995a8bab-c7ca-46d1-8d7e-d1d4abf02efc",
      "object" : "spark:Fusion_Starter_for_4_1_0_user_query_history_aggregation",
      "linkType" : "hasPart",
      "originator" : "unspecified"
    }, {
      "subject" : "collection:Fusion_Starter_for_4_1_0",
      "object" : "query-pipeline:Fusion_Starter_for_4_1_0",
      "linkType" : "relatesTo",
      "originator" : "unspecified"
    }, {
      "subject" : "index-profile:Fusion_Starter_for_4_1_0",
      "object" : "index-pipeline:Fusion_Starter_for_4_1_0",
      "linkType" : "relatesTo",
      "originator" : "unspecified"
    }, {
      "subject" : "datasource:Lucidworks",
      "object" : "collection:Fusion_Starter_for_4_1_0",
      "linkType" : "relatesTo",
      "originator" : "unspecified"
    }, {
      "subject" : "group:995a8bab-c7ca-46d1-8d7e-d1d4abf02efc",
      "object" : "collection:Fusion_Starter_for_4_1_0_signals",
      "linkType" : "hasPart",
      "originator" : "unspecified"
    }, {
      "subject" : "group:995a8bab-c7ca-46d1-8d7e-d1d4abf02efc",
      "object" : "spark:Fusion_Starter_for_4_1_0_head_tail",
      "linkType" : "hasPart",
      "originator" : "unspecified"
    }, {
      "subject" : "group:995a8bab-c7ca-46d1-8d7e-d1d4abf02efc",
      "object" : "collection:Fusion_Starter_for_4_1_0",
      "linkType" : "relatesTo",
      "originator" : "unspecified"
    }, {
      "subject" : "index-profile:Fusion_Starter_for_4_1_0",
      "object" : "app:Fusion_Starter_for_4_1_0",
      "linkType" : "inContextOf",
      "originator" : "unspecified"
    }, {
      "subject" : "query-profile:Fusion_Starter_for_4_1_0",
      "object" : "collection:Fusion_Starter_for_4_1_0",
      "linkType" : "relatesTo",
      "originator" : "unspecified"
    }, {
      "subject" : "datasource:Lucidworks",
      "object" : "app:Fusion_Starter_for_4_1_0",
      "linkType" : "inContextOf",
      "originator" : "unspecified"
    }, {
      "subject" : "datasource:Lucidworks",
      "object" : "parser:Fusion_Starter_for_4_1_0",
      "linkType" : "dependsOn",
      "originator" : "unspecified"
    }, {
      "subject" : "index-profile:Fusion_Starter_for_4_1_0",
      "object" : "collection:Fusion_Starter_for_4_1_0",
      "linkType" : "relatesTo",
      "originator" : "unspecified"
    }, {
      "subject" : "collection:Fusion_Starter_for_4_1_0",
      "object" : "app:Fusion_Starter_for_4_1_0",
      "linkType" : "inContextOf",
      "originator" : "unspecified"
    }, {
      "subject" : "datasource:Lucidworks",
      "object" : "index-pipeline:Fusion_Starter_for_4_1_0",
      "linkType" : "dependsOn",
      "originator" : "unspecified"
    }, {
      "subject" : "parser:Fusion_Starter_for_4_1_0",
      "object" : "app:Fusion_Starter_for_4_1_0",
      "linkType" : "inContextOf",
      "originator" : "unspecified"
    }, {
      "subject" : "group:995a8bab-c7ca-46d1-8d7e-d1d4abf02efc",
      "object" : "spark:Fusion_Starter_for_4_1_0_session_rollup",
      "linkType" : "hasPart",
      "originator" : "unspecified"
    }, {
      "subject" : "app:Fusion_Starter_for_4_1_0",
      "object" : "group:_shared",
      "linkType" : "relatesTo",
      "originator" : "unspecified"
    } ],
    "jobs" : [ {
      "resource" : "spark:Fusion_Starter_for_4_1_0_user_query_history_aggregation",
      "enabled" : true,
      "triggers" : [ {
        "type" : "interval",
        "enabled" : true,
        "interval" : 1,
        "timeUnit" : "day",
        "startTime" : "2018-09-13T23:29:35.691Z",
        "type" : "interval"
      } ],
      "default" : false
    }, {
      "resource" : "spark:Fusion_Starter_for_4_1_0_user_item_preferences_aggregation",
      "enabled" : true,
      "triggers" : [ {
        "type" : "interval",
        "enabled" : true,
        "interval" : 1,
        "timeUnit" : "day",
        "startTime" : "2018-09-13T23:27:35.547Z",
        "type" : "interval"
      } ],
      "default" : false
    }, {
      "resource" : "spark:Fusion_Starter_for_4_1_0_click_signals_aggregation",
      "enabled" : true,
      "triggers" : [ {
        "type" : "interval",
        "enabled" : true,
        "interval" : 15,
        "timeUnit" : "minute",
        "startTime" : "2018-09-13T23:25:35.189Z",
        "type" : "interval"
      } ],
      "default" : false
    }, {
      "resource" : "spark:Fusion_Starter_for_4_1_0_session_rollup",
      "enabled" : true,
      "triggers" : [ {
        "type" : "interval",
        "enabled" : true,
        "interval" : 15,
        "timeUnit" : "minute",
        "startTime" : "2018-09-13T23:25:35.328Z",
        "type" : "interval"
      } ],
      "default" : false
    }, {
      "resource" : "spark:Fusion_Starter_for_4_1_0_head_tail",
      "enabled" : true,
      "triggers" : [ {
        "type" : "interval",
        "enabled" : true,
        "interval" : 1,
        "timeUnit" : "day",
        "startTime" : "2018-09-14T23:10:35.895Z",
        "type" : "interval"
      } ],
      "default" : false
    } ],
    "sparkJobs" : [ {
      "type" : "sql_template",
      "id" : "Fusion_Starter_for_4_1_0_user_item_preferences_aggregation",
      "inputCollection" : "Fusion_Starter_for_4_1_0_signals",
      "outputCollection" : "Fusion_Starter_for_4_1_0_signals_aggr",
      "sql" : "WITH signal_type_groups AS (\n    SELECT SUM(count_i) AS typed_aggr_count_i,\n           doc_id,\n           user_id,\n           type,\n           time_decay(count_i, timestamp_tdt, \"30 days\", ref_time, weight_d) AS typed_weight_d\n      FROM ${inputCollection}\n     WHERE type IN (${signalTypes})\n  GROUP BY user_id, doc_id, type\n ) SELECT SUM(typed_aggr_count_i) AS aggr_count_i,\n          doc_id AS doc_id_s,\n          user_id AS user_id_s,\n          weighted_sum(typed_weight_d, type, '${signalTypeWeights}') AS weight_d\n     FROM signal_type_groups\n GROUP BY doc_id, user_id",
      "parameters" : [ {
        "key" : "signalTypeWeights",
        "value" : "click:1.0,cart:10.0,purchase:25.0"
      } ],
      "selectQuery" : "*:*",
      "sourceRemove" : false,
      "sourceCatchup" : true,
      "outputRollup" : true,
      "hiddenParameters" : [ {
        "key" : "signalTypes",
        "value" : "_regex/signalTypeWeights/([\\w\\-\\.]*):([\\d\\.\\-]*)(,|$)/'$1'$3/g"
      } ],
      "skipCheckEnabled" : true,
      "notes" : "Computes an aggregated weight for each user / item combination found in the signals collection. The weight for each group is computed using an exponential time-decay on signal count (30 day half-life) and a weighted sum based on the signal type. Use the 'signalTypeWeights' parameter to set the correct signal types and weights for your dataset. The results of this job can be used as input to the ALS recommendation job."
    }, {
      "type" : "sql_template",
      "id" : "Fusion_Starter_for_4_1_0_session_rollup",
      "inputCollection" : "Fusion_Starter_for_4_1_0_signals",
      "outputCollection" : "Fusion_Starter_for_4_1_0_signals",
      "sql" : "WITH session_agg AS (\n     SELECT COUNT(1) AS activity_count,\n            MIN(timestamp_tdt) AS start,\n            MAX(timestamp_tdt) AS end,\n            timediff(MAX(timestamp_tdt), MIN(timestamp_tdt), \"MINUTES\") AS duration,\n            'session' AS type,\n            first(user_id) AS user,\n            session_keywords(query) AS keywords,\n            session\n       FROM ${inputCollection}\n      WHERE timestamp_tdt IS NOT NULL\n        AND type != 'session'\n        AND session IS NOT NULL\n        AND session NOT IN (SELECT session FROM ${inputCollection} WHERE type = 'session' AND session IS NOT NULL)\n   GROUP BY session\n     HAVING timediff(current_timestamp(), MAX(timestamp_tdt), \"SECONDS\") >= ${elapsedSecsSinceLastActivity} OR timediff(current_timestamp(), MIN(timestamp_tdt), \"SECONDS\") >= ${elapsedSecsSinceSessionStart})\n SELECT activity_count, start, end, duration, type, user, keywords, session FROM session_agg",
      "parameters" : [ {
        "key" : "elapsedSecsSinceLastActivity",
        "value" : "360"
      }, {
        "key" : "elapsedSecsSinceSessionStart",
        "value" : "3600"
      } ],
      "selectQuery" : "*:*",
      "sourceRemove" : false,
      "sourceCatchup" : false,
      "outputRollup" : false,
      "hiddenParameters" : [ {
        "key" : "outputProjectedFieldsOnly",
        "value" : "true"
      } ],
      "skipCheckEnabled" : false,
      "notes" : "Aggregate related user activity into a session signal containing activity count, duration, and keywords (based on user search terms). This job is used by the Fusion Insights application to show reports about user sessions. Use the 'elapsedSecsSinceLastActivity' and 'elapsedSecsSinceSessionStart' parameters to determine when a user session is considered to be complete."
    }, {
      "type" : "sql_template",
      "id" : "Fusion_Starter_for_4_1_0_user_query_history_aggregation",
      "inputCollection" : "Fusion_Starter_for_4_1_0_signals",
      "outputCollection" : "Fusion_Starter_for_4_1_0_signals_aggr",
      "sql" : "WITH signal_type_groups AS (\n    SELECT SUM(count_i) AS typed_aggr_count_i,\n           user_id,\n           query,\n           type,\n           time_decay(count_i, timestamp_tdt, \"30 days\", ref_time, weight_d) AS typed_weight_d\n      FROM ${inputCollection}\n     WHERE type IN (${signalTypes})\n  GROUP BY query, user_id, type\n ) SELECT SUM(typed_aggr_count_i) AS aggr_count_i,\n          user_id AS user_id_s,\n          query AS query_s,\n          weighted_sum(typed_weight_d, type, '${signalTypeWeights}') AS weight_d\n     FROM signal_type_groups\n GROUP BY user_id, query",
      "parameters" : [ {
        "key" : "signalTypeWeights",
        "value" : "click:1.0,cart:10.0,purchase:25.0"
      } ],
      "selectQuery" : "*:*",
      "sourceRemove" : false,
      "sourceCatchup" : true,
      "outputRollup" : true,
      "hiddenParameters" : [ {
        "key" : "signalTypes",
        "value" : "_regex/signalTypeWeights/([\\w\\-\\.]*):([\\d\\.\\-]*)(,|$)/'$1'$3/g"
      } ],
      "skipCheckEnabled" : true,
      "notes" : "Computes an aggregated weight for each user / query combination found in the signals collection. The weight for each group is computed using an exponential time-decay on signal count (30 day half-life) and a weighted sum based on the signal type. Use the 'signalTypeWeights' parameter to set the correct signal types and weights for your dataset. The results of this job can be used to boost queries for a user based on their past queries."
    }, {
      "type" : "sql_template",
      "id" : "Fusion_Starter_for_4_1_0_click_signals_aggregation",
      "inputCollection" : "Fusion_Starter_for_4_1_0_signals",
      "outputCollection" : "Fusion_Starter_for_4_1_0_signals_aggr",
      "sql" : "WITH sigs_with_filters AS (\n   SELECT c.query as query,\n          c.doc_id,\n          q.filters_s as filters,\n          c.type,\n          c.ref_time,\n          c.count_i,\n          c.timestamp_tdt,\n          c.weight_d\n     FROM ${inputCollection} c\n LEFT JOIN (SELECT id, filters_s FROM ${inputCollection} WHERE type='response') q ON q.id = c.fusion_query_id\n    WHERE c.type IN (${signalTypes})\n ), signal_type_groups AS (\n     SELECT SUM(count_i) AS typed_aggr_count_i,\n            query,\n            doc_id,\n            type,\n            filters,\n            time_decay(count_i, timestamp_tdt, \"30 days\", ref_time, weight_d) AS typed_weight_d\n       FROM sigs_with_filters\n   GROUP BY doc_id, query, filters, type\n ) SELECT SUM(typed_aggr_count_i) AS aggr_count_i,\n          query AS query_s,\n          query AS query_t,\n          doc_id AS doc_id_s,\n          filters AS filters_s,\n          SPLIT(filters, ' \\\\$ ') AS filters_ss,\n          weighted_sum(typed_weight_d, type, '${signalTypeWeights}') AS weight_d\n     FROM signal_type_groups\n GROUP BY query, doc_id, filters",
      "rollupSql" : "SELECT query_s,\n          query_s as query_t,\n          doc_id_s,\n          filters_s,\n          first(aggr_type_s) AS aggr_type_s,\n          SPLIT(filters_s, ' \\\\$ ') AS filters_ss,\n          SUM(weight_d) AS weight_d,\n          SUM(aggr_count_i) AS aggr_count_i\n     FROM Fusion_Starter_for_4_1_0_signals_aggr\n GROUP BY query_s, doc_id_s, filters_s",
      "parameters" : [ {
        "key" : "signalTypeWeights",
        "value" : "click:1.0,cart:10.0,purchase:25.0"
      } ],
      "selectQuery" : "*:*",
      "sourceRemove" : false,
      "sourceCatchup" : true,
      "outputRollup" : true,
      "hiddenParameters" : [ {
        "key" : "signalTypes",
        "value" : "_regex/signalTypeWeights/([\\w\\-\\.]*):([\\d\\.\\-]*)(,|$)/'$1'$3/g"
      }, {
        "key" : "optimizeOutput",
        "value" : "4"
      } ],
      "skipCheckEnabled" : true,
      "notes" : "Computes an aggregated weight for each query / item combination found in the signals collection. The weight for each group is computed using an exponential time-decay on signal count (30 day half-life) and a weighted sum based on the signal type. Use the 'signalTypeWeights' parameter to set the correct signal types and weights for your dataset. The results of this job can be used to boost documents at query time using the boosting stage."
    }, {
      "type" : "headTailAnalysis",
      "id" : "Fusion_Starter_for_4_1_0_head_tail",
      "randomSeed" : 1234,
      "trainingCollection" : "Fusion_Starter_for_4_1_0_signals",
      "outputCollection" : "Fusion_Starter_for_4_1_0_signals_aggr",
      "overwriteOutput" : true,
      "trainingDataFilterQuery" : "type:click OR type:response",
      "fieldToVectorize" : "query",
      "trainingDataFrameConfigOptions" : { },
      "analyzerConfigQuery" : "{ \"analyzers\": [ { \"name\": \"StdTokLowerStem\",\"charFilters\": [ { \"type\": \"htmlstrip\" } ],\"tokenizer\": { \"type\": \"standard\" },\"filters\": [{ \"type\": \"lowercase\" },{ \"type\": \"englishminimalstem\" }] }],\"fields\": [{ \"regex\": \".+\", \"analyzer\": \"StdTokLowerStem\" } ]}",
      "countField" : "count_i",
      "mainType" : "click",
      "filterType" : "response",
      "signalTypeField" : "type",
      "minCountMain" : 1,
      "minCountFilter" : 20,
      "queryLenThreshold" : 2,
      "userHead" : -1.0,
      "userTail" : -1.0,
      "topQ" : [ 100.0, 0.01 ],
      "trafficPerc" : [ 0.25, 0.5, 0.75 ],
      "lastTraffic" : [ 0.01 ],
      "trafficCount" : [ 5.0 ],
      "overlapThreshold" : 4,
      "lenScale" : 6,
      "overlapNumBoost" : 10.0,
      "headQueryCntBoost" : 1.0,
      "tailRewrite" : true,
      "dataFormat" : "solr",
      "trainingDataSamplingFraction" : 1.0,
      "stopwordsList" : [ ]
    } ],
    "fusionApps" : [ {
      "id" : "Fusion_Starter_for_4_1_0",
      "name" : "Fusion Starter for 4_1_0",
      "description" : "A starter template for Fusion 4.1.0. Does not include a UI component.",
      "dataUri" : "/admin/App-Tile-05-460x160.png",
      "properties" : {
        "headerImageName" : "headerImage5",
        "tileColor" : "apps-orange",
        "previousCollectionId" : "Fusion_Starter_for_4_1_0"
      }
    } ],
    "dataSources" : [ {
      "id" : "Lucidworks",
      "created" : "2018-09-13T23:11:21.151Z",
      "modified" : "2018-09-13T23:11:21.151Z",
      "connector" : "lucid.web",
      "type" : "web",
      "description" : "Lucidworks site.",
      "pipeline" : "Fusion_Starter_for_4_1_0",
      "parserId" : "Fusion_Starter_for_4_1_0",
      "properties" : {
        "refreshOlderThan" : -1,
        "f.appendTrailingSlashToLinks" : false,
        "refreshErrors" : false,
        "restrictToTreeIgnoredHostPrefixes" : [ "www." ],
        "dedupeSaveSignature" : false,
        "crawlDBType" : "in-memory",
        "f.firefoxHeadlessBrowser" : true,
        "f.discardLinkURLQueries" : false,
        "fetchDelayMS" : 0,
        "f.respectMetaEquivRedirects" : false,
        "refreshAll" : true,
        "f.defaultMIMEType" : "application/octet-stream",
        "f.extraLoadTimeMs" : 250,
        "f.jsPageLoadTimeout" : 20000,
        "restrictToTreeAllowSubdomains" : false,
        "f.jsScriptTimeout" : 20000,
        "f.requestCounterMinWaitMs" : 5000,
        "maxItems" : -1,
        "f.jsAjaxTimeout" : 20000,
        "dedupe" : false,
        "f.scrapeLinksBeforeFiltering" : false,
        "trackEmbeddedIDs" : true,
        "f.allowAllCertificates" : false,
        "collection" : "Fusion_Starter_for_4_1_0",
        "forceRefresh" : false,
        "delete404" : true,
        "f.obeyRobots" : true,
        "parserRetryCount" : 0,
        "f.quitTimeoutMs" : 5000,
        "fetchDelayMSPerHost" : true,
        "fetchThreads" : 5,
        "indexCrawlDBToSolr" : false,
        "f.requestRetryCount" : 0,
        "retainOutlinks" : false,
        "restrictToTree" : true,
        "f.defaultCharSet" : "UTF-8",
        "f.useRequestCounter" : true,
        "emitThreads" : 5,
        "f.headlessBrowser" : true,
        "f.useFirefox" : false,
        "f.canonicalTagsRedirectLimit" : 4,
        "f.requestCounterMaxWaitMs" : 20000,
        "diagnosticMode" : false,
        "f.followCanonicalTags" : true,
        "delete" : true,
        "initial_mapping" : {
          "mappings" : [ {
            "source" : "charSet",
            "operation" : "move",
            "target" : "charSet_s"
          }, {
            "source" : "fetchedDate",
            "operation" : "move",
            "target" : "fetchedDate_dt"
          }, {
            "source" : "lastModified",
            "operation" : "move",
            "target" : "lastModified_dt"
          }, {
            "source" : "signature",
            "operation" : "move",
            "target" : "dedupeSignature_s"
          }, {
            "source" : "contentSignature",
            "operation" : "move",
            "target" : "signature_s"
          }, {
            "source" : "length",
            "operation" : "move",
            "target" : "length_l"
          }, {
            "source" : "mimeType",
            "operation" : "move",
            "target" : "mimeType_s"
          }, {
            "source" : "parent",
            "operation" : "move",
            "target" : "parent_s"
          }, {
            "source" : "owner",
            "operation" : "move",
            "target" : "owner_s"
          }, {
            "source" : "group",
            "operation" : "move",
            "target" : "group_s"
          } ],
          "reservedFieldsMappingAllowed" : false,
          "skip" : false,
          "id" : "Anda",
          "type" : "field-mapping"
        },
        "f.extraPageLoadDeltaChars" : 0,
        "restrictToTreeUseHostAndPath" : false,
        "sitemap_incremental_crawling" : false,
        "f.screenshotFullscreen" : false,
        "f.filteringRootTags" : [ "body", "head" ],
        "startLinks" : [ "https://lucidworks.com/" ],
        "failFastOnStartLinkFailure" : true,
        "f.timeoutMS" : 10000,
        "f.discardLinkURLAnchors" : true,
        "chunkSize" : 1,
        "f.simulateMobile" : false,
        "f.obeyRobotsDelay" : true,
        "f.useHighPerfJsEval" : false,
        "deleteErrorsAfter" : -1,
        "f.userAgentName" : "Lucidworks-Anda/2.0",
        "retryEmit" : true,
        "f.crawlJS" : false,
        "depth" : -1,
        "f.cookieSpec" : "browser-compatibility",
        "refreshStartLinks" : false,
        "f.maxSizeBytes" : 4194304,
        "aliasExpiration" : 1,
        "f.takeScreenshot" : false
      }
    } ]
  },
  "metadata" : {
    "formatVersion" : "1",
    "exportedBy" : "cf6ba00b-9f58-49ff-913f-8d372a614ae2",
    "exportedDate" : "2018-09-13T23:12:24.524Z",
    "fusionVersion" : "4.1.0",
    "fusionGuid" : "413a75b2-c777-47ee-8aff-87df492c20ee"
  }
}