{
  "objects" : {
    "collections" : [ {
      "id" : "Fusion_Starter",
      "createdAt" : "2018-08-21T22:07:34.488Z",
      "searchClusterId" : "default",
      "commitWithin" : 10000,
      "solrParams" : {
        "name" : "Fusion_Starter",
        "numShards" : 1,
        "replicationFactor" : 1
      },
      "type" : "DATA",
      "metadata" : { }
    }, {
      "id" : "Fusion_Starter_signals_aggr",
      "createdAt" : "2018-08-21T22:07:44.209Z",
      "searchClusterId" : "default",
      "commitWithin" : 10000,
      "solrParams" : {
        "name" : "Fusion_Starter_signals_aggr",
        "numShards" : 2,
        "replicationFactor" : 1,
        "maxShardsPerNode" : 2
      },
      "type" : "SIGNALS_AGGREGATION",
      "relatedCollectionId" : "Fusion_Starter",
      "metadata" : { }
    }, {
      "id" : "Fusion_Starter_signals",
      "createdAt" : "2018-08-21T22:07:38.937Z",
      "searchClusterId" : "default",
      "commitWithin" : 10000,
      "solrParams" : {
        "name" : "Fusion_Starter_signals",
        "numShards" : 2,
        "replicationFactor" : 1,
        "maxShardsPerNode" : 2,
        "configTemplate" : "solr/conf/insights.zip"
      },
      "type" : "SIGNALS",
      "relatedCollectionId" : "Fusion_Starter",
      "metadata" : { }
    } ],
    "indexPipelines" : [ {
      "id" : "Fusion_Starter",
      "stages" : [ {
        "type" : "field-mapping",
        "id" : "9c72b647-b5f1-4536-9f9c-08410feae047",
        "mappings" : [ ],
        "reservedFieldsMappingAllowed" : false,
        "type" : "field-mapping",
        "skip" : false,
        "licensed" : true,
        "secretSourceStageId" : "9c72b647-b5f1-4536-9f9c-08410feae047"
      }, {
        "type" : "solr-dynamic-field-name-mapping",
        "id" : "e75be148-18b4-4679-b6fc-2a2adb86bb96",
        "duplicateSingleValuedFields" : false,
        "fieldsToExclude" : [ ],
        "advancedTextFieldsIndexing" : true,
        "maxTextLengthForAdvancedIndexing" : 100,
        "type" : "solr-dynamic-field-name-mapping",
        "skip" : false,
        "licensed" : true,
        "secretSourceStageId" : "e75be148-18b4-4679-b6fc-2a2adb86bb96"
      }, {
        "type" : "solr-index",
        "id" : "3b023bc6-8cb4-4139-a5aa-d894d4f629b9",
        "enforceSchema" : true,
        "dateFormats" : [ ],
        "params" : [ ],
        "bufferDocsForSolr" : false,
        "type" : "solr-index",
        "skip" : false,
        "licensed" : true,
        "secretSourceStageId" : "3b023bc6-8cb4-4139-a5aa-d894d4f629b9"
      } ],
      "properties" : {
        "secretSourcePipelineId" : "Fusion_Starter"
      }
    } ],
    "queryPipelines" : [ {
      "id" : "Fusion_Starter",
      "stages" : [ {
        "type" : "recommendation",
        "id" : "e0cc599d-973b-4922-87a6-933e308b7f80",
        "numRecommendations" : 10,
        "numSignals" : 100,
        "aggrType" : "click@doc_id,filters,query",
        "boostId" : "id",
        "boostingMethod" : "query-param",
        "boostingParam" : "boost",
        "queryParams" : [ {
          "key" : "qf",
          "value" : "query_t"
        }, {
          "key" : "pf",
          "value" : "query_t^50"
        }, {
          "key" : "pf",
          "value" : "query_t~3^20"
        }, {
          "key" : "pf2",
          "value" : "query_t^20"
        }, {
          "key" : "pf2",
          "value" : "query_t~3^10"
        }, {
          "key" : "pf3",
          "value" : "query_t^10"
        }, {
          "key" : "pf3",
          "value" : "query_t~3^5"
        }, {
          "key" : "boost",
          "value" : "map(query({!field f=query_s v=$q}),0,0,1,20)"
        }, {
          "key" : "mm",
          "value" : "50%"
        }, {
          "key" : "defType",
          "value" : "edismax"
        }, {
          "key" : "sort",
          "value" : "score desc, weight_d desc"
        } ],
        "rollupField" : "doc_id_s",
        "rollupWeightField" : "weight_d",
        "weightExpression" : "math:log(weight_d + 1) + 10 * math:log(score+1)",
        "rollupWeightStrategy" : "max",
        "type" : "recommendation",
        "skip" : false,
        "licensed" : true,
        "secretSourceStageId" : "e0cc599d-973b-4922-87a6-933e308b7f80"
      }, {
        "type" : "search-fields",
        "id" : "997d4c1d-7c3a-4930-8fa2-4b4c4cd4ef01",
        "rows" : 10,
        "start" : 0,
        "queryFields" : [ ],
        "returnFields" : [ "*", "score" ],
        "type" : "search-fields",
        "skip" : false,
        "licensed" : true,
        "secretSourceStageId" : "997d4c1d-7c3a-4930-8fa2-4b4c4cd4ef01"
      }, {
        "type" : "facet",
        "id" : "7999376f-2637-4d70-980c-1b2875baa629",
        "fieldFacets" : [ ],
        "type" : "facet",
        "skip" : false,
        "licensed" : true,
        "secretSourceStageId" : "7999376f-2637-4d70-980c-1b2875baa629"
      }, {
        "type" : "solr-query",
        "id" : "6a2f5a44-9753-49d3-a576-cb2f7f559930",
        "allowedRequestHandlers" : [ ],
        "httpMethod" : "POST",
        "allowFederatedSearch" : false,
        "type" : "solr-query",
        "skip" : false,
        "licensed" : true,
        "secretSourceStageId" : "6a2f5a44-9753-49d3-a576-cb2f7f559930"
      } ],
      "properties" : {
        "secretSourcePipelineId" : "Fusion_Starter"
      }
    } ],
    "features" : {
      "Fusion_Starter" : [ {
        "name" : "partitionByTime",
        "collectionId" : "Fusion_Starter",
        "params" : { },
        "enabled" : false
      }, {
        "name" : "signals",
        "collectionId" : "Fusion_Starter",
        "params" : { },
        "enabled" : true
      }, {
        "name" : "searchLogs",
        "collectionId" : "Fusion_Starter",
        "params" : { },
        "enabled" : true
      }, {
        "name" : "recommendations",
        "collectionId" : "Fusion_Starter",
        "params" : {
          "idField" : "id",
          "itemsForUser" : true,
          "itemsForQuery" : false,
          "itemsForItem" : true,
          "queriesForQuery" : false
        },
        "enabled" : false
      } ],
      "Fusion_Starter_signals_aggr" : [ {
        "name" : "partitionByTime",
        "collectionId" : "Fusion_Starter_signals_aggr",
        "params" : { },
        "enabled" : false
      }, {
        "name" : "signals",
        "collectionId" : "Fusion_Starter_signals_aggr",
        "params" : { },
        "enabled" : false
      }, {
        "name" : "searchLogs",
        "collectionId" : "Fusion_Starter_signals_aggr",
        "params" : { },
        "enabled" : false
      }, {
        "name" : "recommendations",
        "collectionId" : "Fusion_Starter_signals_aggr",
        "params" : {
          "idField" : "id",
          "itemsForUser" : true,
          "itemsForQuery" : false,
          "itemsForItem" : true,
          "queriesForQuery" : false
        },
        "enabled" : false
      } ],
      "Fusion_Starter_signals" : [ {
        "name" : "partitionByTime",
        "collectionId" : "Fusion_Starter_signals",
        "params" : { },
        "enabled" : false
      }, {
        "name" : "signals",
        "collectionId" : "Fusion_Starter_signals",
        "params" : { },
        "enabled" : false
      }, {
        "name" : "searchLogs",
        "collectionId" : "Fusion_Starter_signals",
        "params" : { },
        "enabled" : false
      }, {
        "name" : "recommendations",
        "collectionId" : "Fusion_Starter_signals",
        "params" : {
          "idField" : "id",
          "itemsForUser" : true,
          "itemsForQuery" : false,
          "itemsForItem" : true,
          "queriesForQuery" : false
        },
        "enabled" : false
      } ]
    },
    "indexProfiles" : {
      "ALL" : [ {
        "id" : "Fusion_Starter",
        "indexPipeline" : "Fusion_Starter",
        "collection" : "Fusion_Starter",
        "parser" : "Fusion_Starter",
        "params" : [ ]
      } ]
    },
    "queryProfiles" : {
      "ALL" : [ {
        "id" : "Fusion_Starter",
        "queryPipeline" : "Fusion_Starter",
        "collection" : "Fusion_Starter",
        "searchHandler" : "/select"
      } ]
    },
    "parsers" : [ {
      "id" : "Fusion_Starter",
      "enableMediaTypeDetection" : true,
      "maxParserDepth" : 16,
      "parserStages" : [ {
        "type" : "archive",
        "enabled" : true,
        "mediaTypes" : [ ],
        "pathPatterns" : [ ],
        "errorHandling" : "mark",
        "id" : "1c2cf966-1f8b-4b8a-9bef-84d271dc177c",
        "alwaysDetect" : true,
        "inheritMediaTypes" : true,
        "outputFieldPrefix" : ""
      }, {
        "type" : "csv",
        "enabled" : true,
        "mediaTypes" : [ ],
        "pathPatterns" : [ ],
        "errorHandling" : "mark",
        "id" : "de0a1698-8402-4a2f-851b-353077cfd85a",
        "charset" : "detect",
        "ignoreBOM" : false,
        "autoDetect" : true,
        "hasHeaders" : true,
        "headers" : [ ],
        "fillValue" : "<FILL>",
        "trimWhitespace" : true,
        "skipEmptyLines" : true,
        "includeRowNumber" : true,
        "commentHandling" : "ignore",
        "maxRowLength" : 10485760,
        "maxNumColumns" : 1000,
        "maxColumnChars" : 10485760,
        "columnHandling" : "default",
        "inheritMediaTypes" : true,
        "outputFieldPrefix" : ""
      }, {
        "type" : "json",
        "enabled" : true,
        "mediaTypes" : [ ],
        "pathPatterns" : [ ],
        "errorHandling" : "mark",
        "id" : "97ba5f80-73a9-4757-8b08-e890d6f512be",
        "splitArrays" : true,
        "includePath" : false,
        "mappings" : [ ],
        "listHandling" : "multivalued",
        "inheritMediaTypes" : true,
        "outputFieldPrefix" : ""
      }, {
        "type" : "xml",
        "enabled" : true,
        "mediaTypes" : [ ],
        "pathPatterns" : [ ],
        "errorHandling" : "mark",
        "id" : "eec3cb92-ebd2-468f-93e3-8285badcfca1",
        "rootPaths" : [ "/" ],
        "maxSize" : 65536,
        "listHandling" : "multivalued",
        "inheritMediaTypes" : true,
        "outputFieldPrefix" : ""
      }, {
        "type" : "html",
        "enabled" : true,
        "mediaTypes" : [ ],
        "pathPatterns" : [ ],
        "errorHandling" : "mark",
        "id" : "6e852cee-74de-4394-9b95-76e5e57fb43a",
        "charset" : "detect",
        "mappings" : [ ],
        "keepParent" : true,
        "extractHtmlLinks" : false,
        "extractBodyText" : true,
        "metatagsPrefix" : "",
        "inheritMediaTypes" : true,
        "outputFieldPrefix" : ""
      }, {
        "type" : "text",
        "enabled" : true,
        "mediaTypes" : [ ],
        "pathPatterns" : [ ],
        "errorHandling" : "mark",
        "id" : "0343b9a8-dc54-4c22-8b78-ad601e2fa892",
        "charset" : "detect",
        "ignoreBOM" : false,
        "maxLength" : 1048576,
        "maxLineLength" : 1048576,
        "outputField" : "body",
        "splitLines" : false,
        "skipEmptyLines" : false,
        "skipHeaderLines" : 0,
        "trimWhitespace" : false,
        "commentHandling" : "include",
        "comment" : "#",
        "commentField" : "comment",
        "inheritMediaTypes" : true,
        "outputFieldPrefix" : ""
      }, {
        "type" : "tika",
        "enabled" : true,
        "mediaTypes" : [ ],
        "pathPatterns" : [ ],
        "errorHandling" : "mark",
        "id" : "dd7b8df8-b61d-4525-b525-977e091549bc",
        "includeImages" : false,
        "flattenCompound" : true,
        "addFailedDocs" : false,
        "addOriginalContent" : false,
        "contentEncoding" : "binary",
        "returnXml" : false,
        "keepOriginalStructure" : false,
        "extractHtmlLinks" : false,
        "extractOtherLinks" : false,
        "excludeContentTypes" : [ ],
        "zipBombCompressionRatio" : 200,
        "zipBombMaxDepth" : 200,
        "zipBombMaxPackageEntryDepth" : 20,
        "inheritMediaTypes" : true,
        "outputFieldPrefix" : ""
      }, {
        "type" : "fallback",
        "enabled" : true,
        "mediaTypes" : [ ],
        "pathPatterns" : [ ],
        "errorHandling" : "mark",
        "id" : "3a14a6a4-ebe2-411f-a292-38ecba02b7e0",
        "metadataOnly" : false,
        "maxBytesToKeep" : 1048576,
        "inheritMediaTypes" : true,
        "outputFieldPrefix" : ""
      } ]
    } ],
    "objectGroups" : [ {
      "id" : "92e80049-7484-47f0-9045-b91cd7615047",
      "name" : "signals-Fusion_Starter",
      "isSystem" : true,
      "description" : "Collection 'Fusion_Starter' objects for signals support"
    } ],
    "links" : [ {
      "subject" : "datasource:Lucidworks",
      "object" : "collection:Fusion_Starter",
      "linkType" : "relatesTo"
    }, {
      "subject" : "group:92e80049-7484-47f0-9045-b91cd7615047",
      "object" : "collection:Fusion_Starter_signals_aggr",
      "linkType" : "hasPart"
    }, {
      "subject" : "datasource:Lucidworks",
      "object" : "app:Fusion_Starter",
      "linkType" : "inContextOf"
    }, {
      "subject" : "collection:Fusion_Starter",
      "object" : "index-pipeline:Fusion_Starter",
      "linkType" : "relatesTo"
    }, {
      "subject" : "group:92e80049-7484-47f0-9045-b91cd7615047",
      "object" : "spark:Fusion_Starter_user_query_history_aggregation",
      "linkType" : "hasPart"
    }, {
      "subject" : "app:Fusion_Starter",
      "object" : "group:_shared",
      "linkType" : "relatesTo"
    }, {
      "subject" : "parser:Fusion_Starter",
      "object" : "app:Fusion_Starter",
      "linkType" : "inContextOf"
    }, {
      "subject" : "collection:Fusion_Starter",
      "object" : "query-pipeline:Fusion_Starter",
      "linkType" : "relatesTo"
    }, {
      "subject" : "collection:Fusion_Starter",
      "object" : "app:Fusion_Starter",
      "linkType" : "inContextOf"
    }, {
      "subject" : "query-profile:Fusion_Starter",
      "object" : "query-pipeline:Fusion_Starter",
      "linkType" : "relatesTo"
    }, {
      "subject" : "datasource:Lucidworks",
      "object" : "parser:Fusion_Starter",
      "linkType" : "dependsOn"
    }, {
      "subject" : "group:92e80049-7484-47f0-9045-b91cd7615047",
      "object" : "collection:Fusion_Starter_signals",
      "linkType" : "hasPart"
    }, {
      "subject" : "index-profile:Fusion_Starter",
      "object" : "index-pipeline:Fusion_Starter",
      "linkType" : "relatesTo"
    }, {
      "subject" : "group:92e80049-7484-47f0-9045-b91cd7615047",
      "object" : "spark:Fusion_Starter_user_item_preferences_aggregation",
      "linkType" : "hasPart"
    }, {
      "subject" : "group:92e80049-7484-47f0-9045-b91cd7615047",
      "object" : "spark:Fusion_Starter_head_tail",
      "linkType" : "hasPart"
    }, {
      "subject" : "query-profile:Fusion_Starter",
      "object" : "collection:Fusion_Starter",
      "linkType" : "relatesTo"
    }, {
      "subject" : "datasource:Lucidworks",
      "object" : "index-pipeline:Fusion_Starter",
      "linkType" : "dependsOn"
    }, {
      "subject" : "group:92e80049-7484-47f0-9045-b91cd7615047",
      "object" : "spark:Fusion_Starter_click_signals_aggregation",
      "linkType" : "hasPart"
    }, {
      "subject" : "index-profile:Fusion_Starter",
      "object" : "collection:Fusion_Starter",
      "linkType" : "relatesTo"
    }, {
      "subject" : "group:92e80049-7484-47f0-9045-b91cd7615047",
      "object" : "collection:Fusion_Starter",
      "linkType" : "relatesTo"
    }, {
      "subject" : "group:92e80049-7484-47f0-9045-b91cd7615047",
      "object" : "spark:Fusion_Starter_session_rollup",
      "linkType" : "hasPart"
    }, {
      "subject" : "index-profile:Fusion_Starter",
      "object" : "app:Fusion_Starter",
      "linkType" : "inContextOf"
    } ],
    "jobs" : [ {
      "resource" : "spark:Fusion_Starter_user_item_preferences_aggregation",
      "enabled" : true,
      "triggers" : [ {
        "type" : "interval",
        "enabled" : true,
        "interval" : 1,
        "timeUnit" : "day",
        "startTime" : "2018-08-21T22:24:49.936Z",
        "type" : "interval"
      } ],
      "default" : false
    }, {
      "resource" : "spark:Fusion_Starter_session_rollup",
      "enabled" : true,
      "triggers" : [ {
        "type" : "interval",
        "enabled" : true,
        "interval" : 15,
        "timeUnit" : "minute",
        "startTime" : "2018-08-21T22:22:49.881Z",
        "type" : "interval"
      } ],
      "default" : false
    }, {
      "resource" : "spark:Fusion_Starter_click_signals_aggregation",
      "enabled" : true,
      "triggers" : [ {
        "type" : "interval",
        "enabled" : true,
        "interval" : 15,
        "timeUnit" : "minute",
        "startTime" : "2018-08-21T22:22:49.839Z",
        "type" : "interval"
      } ],
      "default" : false
    }, {
      "resource" : "spark:Fusion_Starter_user_query_history_aggregation",
      "enabled" : true,
      "triggers" : [ {
        "type" : "interval",
        "enabled" : true,
        "interval" : 1,
        "timeUnit" : "day",
        "startTime" : "2018-08-21T22:26:49.989Z",
        "type" : "interval"
      } ],
      "default" : false
    }, {
      "resource" : "spark:Fusion_Starter_head_tail",
      "enabled" : true,
      "triggers" : [ {
        "type" : "interval",
        "enabled" : true,
        "interval" : 1,
        "timeUnit" : "day",
        "startTime" : "2018-08-22T22:07:50.047Z",
        "type" : "interval"
      } ],
      "default" : false
    } ],
    "sparkJobs" : [ {
      "type" : "headTailAnalysis",
      "id" : "Fusion_Starter_head_tail",
      "randomSeed" : 1234,
      "trainingCollection" : "Fusion_Starter_signals",
      "outputCollection" : "Fusion_Starter_signals_aggr",
      "overwriteOutput" : true,
      "trainingDataFilterQuery" : "type:click OR type:response",
      "fieldToVectorize" : "query",
      "trainingDataFrameConfigOptions" : { },
      "analyzerConfigQuery" : "{ \"analyzers\": [ { \"name\": \"StdTokLowerStem\",\"charFilters\": [ { \"type\": \"htmlstrip\" } ],\"tokenizer\": { \"type\": \"standard\" },\"filters\": [{ \"type\": \"lowercase\" },{ \"type\": \"englishminimalstem\" }] }],\"fields\": [{ \"regex\": \".+\", \"analyzer\": \"StdTokLowerStem\" } ]}",
      "countField" : "count_i",
      "mainType" : "click",
      "filterType" : "response",
      "signalTypeField" : "type",
      "minCountMain" : 1,
      "minCountFilter" : 20,
      "userHead" : -1.0,
      "userTail" : -1.0,
      "topQ" : [ 100.0, 0.01 ],
      "trafficPerc" : [ 0.25, 0.5, 0.75 ],
      "lastTraffic" : [ 0.01 ],
      "trafficCount" : [ 5.0 ],
      "overlapThreshold" : 4,
      "lenScale" : 6,
      "overlapNumBoost" : 10.0,
      "headQueryCntBoost" : 1.0,
      "tailRewrite" : true,
      "dataFormat" : "solr",
      "trainingDataSamplingFraction" : 1.0,
      "queryLenThreshold" : 2
    }, {
      "type" : "sql_template",
      "id" : "Fusion_Starter_click_signals_aggregation",
      "inputCollection" : "Fusion_Starter_signals",
      "outputCollection" : "Fusion_Starter_signals_aggr",
      "sql" : "WITH sigs_with_filters AS (\n   SELECT c.query as query,\n          c.doc_id,\n          q.filters_s as filters,\n          c.type,\n          c.ref_time,\n          c.count_i,\n          c.timestamp_tdt,\n          c.weight_d\n     FROM ${inputCollection} c\n LEFT JOIN (SELECT id, filters_s FROM ${inputCollection} WHERE type='response') q ON q.id = c.fusion_query_id\n    WHERE c.type IN (${signalTypes})\n ), signal_type_groups AS (\n     SELECT SUM(count_i) AS typed_aggr_count_i,\n            query,\n            doc_id,\n            type,\n            filters,\n            time_decay(count_i, timestamp_tdt, \"30 days\", ref_time, weight_d) AS typed_weight_d\n       FROM sigs_with_filters\n   GROUP BY doc_id, query, filters, type\n ) SELECT SUM(typed_aggr_count_i) AS aggr_count_i,\n          query AS query_s,\n          query AS query_t,\n          doc_id AS doc_id_s,\n          filters AS filters_s,\n          SPLIT(filters, ' \\\\$ ') AS filters_ss,\n          weighted_sum(typed_weight_d, type, '${signalTypeWeights}') AS weight_d\n     FROM signal_type_groups\n GROUP BY query, doc_id, filters",
      "rollupSql" : "SELECT query_s,\n          query_s as query_t,\n          doc_id_s,\n          filters_s,\n          first(aggr_type_s) AS aggr_type_s,\n          SPLIT(filters_s, ' \\\\$ ') AS filters_ss,\n          SUM(weight_d) AS weight_d,\n          SUM(aggr_count_i) AS aggr_count_i\n     FROM Fusion_Starter_signals_aggr\n GROUP BY query_s, doc_id_s, filters_s",
      "parameters" : [ {
        "key" : "signalTypeWeights",
        "value" : "click:1.0,cart:10.0,purchase:25.0"
      } ],
      "selectQuery" : "*:*",
      "sourceRemove" : false,
      "sourceCatchup" : true,
      "outputRollup" : true,
      "hiddenParameters" : [ {
        "key" : "signalTypes",
        "value" : "_regex/signalTypeWeights/([\\w\\-\\.]*):([\\d\\.\\-]*)(,|$)/'$1'$3/g"
      }, {
        "key" : "optimizeOutput",
        "value" : "4"
      } ],
      "skipCheckEnabled" : true,
      "notes" : "Computes an aggregated weight for each query / item combination found in the signals collection. The weight for each group is computed using an exponential time-decay on signal count (30 day half-life) and a weighted sum based on the signal type. Use the 'signalTypeWeights' parameter to set the correct signal types and weights for your dataset. The results of this job can be used to boost documents at query time using the boosting stage."
    }, {
      "type" : "sql_template",
      "id" : "Fusion_Starter_session_rollup",
      "inputCollection" : "Fusion_Starter_signals",
      "outputCollection" : "Fusion_Starter_signals",
      "sql" : "WITH session_agg AS (\n     SELECT COUNT(1) AS activity_count,\n            MIN(timestamp_tdt) AS start,\n            MAX(timestamp_tdt) AS end,\n            timediff(MAX(timestamp_tdt), MIN(timestamp_tdt), \"MINUTES\") AS duration,\n            'session' AS type,\n            first(user_id) AS user,\n            session_keywords(query) AS keywords,\n            session\n       FROM ${inputCollection}\n      WHERE timestamp_tdt IS NOT NULL\n        AND type != 'session'\n        AND session IS NOT NULL\n        AND session NOT IN (SELECT session FROM ${inputCollection} WHERE type = 'session' AND session IS NOT NULL)\n   GROUP BY session\n     HAVING timediff(current_timestamp(), MAX(timestamp_tdt), \"SECONDS\") >= ${elapsedSecsSinceLastActivity} OR timediff(current_timestamp(), MIN(timestamp_tdt), \"SECONDS\") >= ${elapsedSecsSinceSessionStart})\n SELECT activity_count, start, end, duration, type, user, keywords, session FROM session_agg",
      "parameters" : [ {
        "key" : "elapsedSecsSinceLastActivity",
        "value" : "360"
      }, {
        "key" : "elapsedSecsSinceSessionStart",
        "value" : "3600"
      } ],
      "selectQuery" : "*:*",
      "sourceRemove" : false,
      "sourceCatchup" : false,
      "outputRollup" : false,
      "hiddenParameters" : [ {
        "key" : "outputProjectedFieldsOnly",
        "value" : "true"
      } ],
      "skipCheckEnabled" : false,
      "notes" : "Aggregate related user activity into a session signal containing activity count, duration, and keywords (based on user search terms). This job is used by the Fusion Insights application to show reports about user sessions. Use the 'elapsedSecsSinceLastActivity' and 'elapsedSecsSinceSessionStart' parameters to determine when a user session is considered to be complete."
    }, {
      "type" : "sql_template",
      "id" : "Fusion_Starter_user_item_preferences_aggregation",
      "inputCollection" : "Fusion_Starter_signals",
      "outputCollection" : "Fusion_Starter_signals_aggr",
      "sql" : "WITH signal_type_groups AS (\n    SELECT SUM(count_i) AS typed_aggr_count_i,\n           doc_id,\n           user_id,\n           type,\n           time_decay(count_i, timestamp_tdt, \"30 days\", ref_time, weight_d) AS typed_weight_d\n      FROM ${inputCollection}\n     WHERE type IN (${signalTypes})\n  GROUP BY user_id, doc_id, type\n ) SELECT SUM(typed_aggr_count_i) AS aggr_count_i,\n          doc_id AS doc_id_s,\n          user_id AS user_id_s,\n          weighted_sum(typed_weight_d, type, '${signalTypeWeights}') AS weight_d\n     FROM signal_type_groups\n GROUP BY doc_id, user_id",
      "parameters" : [ {
        "key" : "signalTypeWeights",
        "value" : "click:1.0,cart:10.0,purchase:25.0"
      } ],
      "selectQuery" : "*:*",
      "sourceRemove" : false,
      "sourceCatchup" : true,
      "outputRollup" : true,
      "hiddenParameters" : [ {
        "key" : "signalTypes",
        "value" : "_regex/signalTypeWeights/([\\w\\-\\.]*):([\\d\\.\\-]*)(,|$)/'$1'$3/g"
      } ],
      "skipCheckEnabled" : true,
      "notes" : "Computes an aggregated weight for each user / item combination found in the signals collection. The weight for each group is computed using an exponential time-decay on signal count (30 day half-life) and a weighted sum based on the signal type. Use the 'signalTypeWeights' parameter to set the correct signal types and weights for your dataset. The results of this job can be used as input to the ALS recommendation job."
    }, {
      "type" : "sql_template",
      "id" : "Fusion_Starter_user_query_history_aggregation",
      "inputCollection" : "Fusion_Starter_signals",
      "outputCollection" : "Fusion_Starter_signals_aggr",
      "sql" : "WITH signal_type_groups AS (\n    SELECT SUM(count_i) AS typed_aggr_count_i,\n           user_id,\n           query,\n           type,\n           time_decay(count_i, timestamp_tdt, \"30 days\", ref_time, weight_d) AS typed_weight_d\n      FROM ${inputCollection}\n     WHERE type IN (${signalTypes})\n  GROUP BY query, user_id, type\n ) SELECT SUM(typed_aggr_count_i) AS aggr_count_i,\n          user_id AS user_id_s,\n          query AS query_s,\n          weighted_sum(typed_weight_d, type, '${signalTypeWeights}') AS weight_d\n     FROM signal_type_groups\n GROUP BY user_id, query",
      "parameters" : [ {
        "key" : "signalTypeWeights",
        "value" : "click:1.0,cart:10.0,purchase:25.0"
      } ],
      "selectQuery" : "*:*",
      "sourceRemove" : false,
      "sourceCatchup" : true,
      "outputRollup" : true,
      "hiddenParameters" : [ {
        "key" : "signalTypes",
        "value" : "_regex/signalTypeWeights/([\\w\\-\\.]*):([\\d\\.\\-]*)(,|$)/'$1'$3/g"
      } ],
      "skipCheckEnabled" : true,
      "notes" : "Computes an aggregated weight for each user / query combination found in the signals collection. The weight for each group is computed using an exponential time-decay on signal count (30 day half-life) and a weighted sum based on the signal type. Use the 'signalTypeWeights' parameter to set the correct signal types and weights for your dataset. The results of this job can be used to boost queries for a user based on their past queries."
    } ],
    "fusionApps" : [ {
      "id" : "Fusion_Starter",
      "name" : "Fusion Starter",
      "description" : "A simple starter application template for Fusion.",
      "dataUri" : "/admin/App-Tile-01-460x160.png",
      "properties" : {
        "headerImageName" : "headerImage1",
        "tileColor" : "apps-red",
        "previousCollectionId" : "Fusion_Starter"
      }
    } ],
    "dataSources" : [ {
      "id" : "Lucidworks",
      "created" : "2018-08-21T22:09:28.385Z",
      "modified" : "2018-08-21T22:09:28.385Z",
      "connector" : "lucid.web",
      "type" : "web",
      "description" : "Lucidworks site.",
      "pipeline" : "Fusion_Starter",
      "parserId" : "Fusion_Starter",
      "properties" : {
        "refreshOlderThan" : -1,
        "f.sitemapURLs" : [ ],
        "f.appendTrailingSlashToLinks" : false,
        "restrictToTreeIgnoredHostPrefixes" : [ "www." ],
        "refreshErrors" : false,
        "dedupeSaveSignature" : false,
        "crawlDBType" : "in-memory",
        "f.firefoxHeadlessBrowser" : true,
        "f.discardLinkURLQueries" : false,
        "f.respectMetaEquivRedirects" : false,
        "fetchDelayMS" : 0,
        "refreshAll" : true,
        "f.defaultMIMEType" : "application/octet-stream",
        "f.extraLoadTimeMs" : 250,
        "f.jsPageLoadTimeout" : 20000,
        "restrictToTreeAllowSubdomains" : false,
        "f.jsScriptTimeout" : 20000,
        "f.requestCounterMinWaitMs" : 5000,
        "maxItems" : 10,
        "f.jsAjaxTimeout" : 20000,
        "dedupe" : false,
        "f.scrapeLinksBeforeFiltering" : false,
        "trackEmbeddedIDs" : true,
        "f.allowAllCertificates" : false,
        "collection" : "Fusion_Starter",
        "forceRefresh" : false,
        "f.obeyRobots" : true,
        "parserRetryCount" : 0,
        "f.quitTimeoutMs" : 5000,
        "fetchDelayMSPerHost" : true,
        "fetchThreads" : 5,
        "indexCrawlDBToSolr" : false,
        "f.requestRetryCount" : 0,
        "restrictToTree" : true,
        "retainOutlinks" : false,
        "f.defaultCharSet" : "UTF-8",
        "f.useRequestCounter" : true,
        "emitThreads" : 5,
        "f.headlessBrowser" : true,
        "f.useFirefox" : false,
        "f.requestCounterMaxWaitMs" : 20000,
        "diagnosticMode" : false,
        "delete" : true,
        "initial_mapping" : {
          "mappings" : [ {
            "source" : "charSet",
            "operation" : "move",
            "target" : "charSet_s"
          }, {
            "source" : "fetchedDate",
            "operation" : "move",
            "target" : "fetchedDate_dt"
          }, {
            "source" : "lastModified",
            "operation" : "move",
            "target" : "lastModified_dt"
          }, {
            "source" : "signature",
            "operation" : "move",
            "target" : "dedupeSignature_s"
          }, {
            "source" : "contentSignature",
            "operation" : "move",
            "target" : "signature_s"
          }, {
            "source" : "length",
            "operation" : "move",
            "target" : "length_l"
          }, {
            "source" : "mimeType",
            "operation" : "move",
            "target" : "mimeType_s"
          }, {
            "source" : "parent",
            "operation" : "move",
            "target" : "parent_s"
          }, {
            "source" : "owner",
            "operation" : "move",
            "target" : "owner_s"
          }, {
            "source" : "group",
            "operation" : "move",
            "target" : "group_s"
          } ],
          "reservedFieldsMappingAllowed" : false,
          "skip" : false,
          "id" : "FromMap",
          "type" : "field-mapping"
        },
        "f.extraPageLoadDeltaChars" : 0,
        "restrictToTreeUseHostAndPath" : false,
        "f.screenshotFullscreen" : false,
        "f.filteringRootTags" : [ "body", "head" ],
        "startLinks" : [ "https://lucidworks.com/" ],
        "failFastOnStartLinkFailure" : true,
        "f.timeoutMS" : 10000,
        "f.discardLinkURLAnchors" : true,
        "chunkSize" : 1,
        "f.simulateMobile" : false,
        "f.obeyRobotsDelay" : true,
        "f.useHighPerfJsEval" : false,
        "deleteErrorsAfter" : -1,
        "f.userAgentName" : "Lucidworks-Anda/2.0",
        "retryEmit" : true,
        "f.crawlJS" : false,
        "depth" : -1,
        "f.cookieSpec" : "browser-compatibility",
        "f.maxSizeBytes" : 4194304,
        "refreshStartLinks" : false,
        "aliasExpiration" : 1,
        "f.takeScreenshot" : false
      }
    } ]
  },
  "metadata" : {
    "formatVersion" : "1",
    "exportedBy" : "ac94a5f8-a368-4db1-8e61-de589344ec6c",
    "exportedDate" : "2019-02-17T01:43:47.333Z",
    "fusionVersion" : "4.0.2",
    "fusionGuid" : "db819070-0b0e-47f8-8440-26c253ed9b17"
  }
}