{
  "objects" : {
    "collections" : [ {
      "id" : "pokedex_signals_aggr",
      "createdAt" : "2018-09-07T23:09:36.973Z",
      "searchClusterId" : "default",
      "commitWithin" : 10000,
      "solrParams" : {
        "name" : "pokedex_signals_aggr",
        "numShards" : 2,
        "replicationFactor" : 1,
        "maxShardsPerNode" : 2
      },
      "type" : "SIGNALS_AGGREGATION",
      "relatedCollectionId" : "pokedex",
      "metadata" : { }
    }, {
      "id" : "pokedex_signals",
      "createdAt" : "2018-09-07T23:09:31.651Z",
      "searchClusterId" : "default",
      "commitWithin" : 10000,
      "solrParams" : {
        "name" : "pokedex_signals",
        "numShards" : 2,
        "replicationFactor" : 1,
        "maxShardsPerNode" : 2,
        "configTemplate" : "solr/conf/insights.zip"
      },
      "type" : "SIGNALS",
      "relatedCollectionId" : "pokedex",
      "metadata" : { }
    }, {
      "id" : "pokedex",
      "createdAt" : "2018-09-07T23:09:26.988Z",
      "searchClusterId" : "default",
      "commitWithin" : 10000,
      "solrParams" : {
        "name" : "pokedex",
        "numShards" : 1,
        "replicationFactor" : 1
      },
      "type" : "DATA",
      "metadata" : { }
    } ],
    "indexPipelines" : [ {
      "id" : "pokedex",
      "stages" : [ {
        "type" : "field-mapping",
        "id" : "98473fb8-0854-4c7f-8d1f-22dc59add3d9",
        "mappings" : [ {
          "source" : "num",
          "target" : "num_f",
          "operation" : "move"
        }, {
          "source" : "type",
          "target" : "type_txt",
          "operation" : "copy"
        }, {
          "source" : "type",
          "target" : "type_ss",
          "operation" : "copy"
        }, {
          "source" : "weaknesses",
          "target" : "weaknesses_ss",
          "operation" : "copy"
        }, {
          "source" : "weaknesses",
          "target" : "weaknesses_txt",
          "operation" : "copy"
        } ],
        "reservedFieldsMappingAllowed" : false,
        "type" : "field-mapping",
        "skip" : false,
        "licensed" : true,
        "secretSourceStageId" : "98473fb8-0854-4c7f-8d1f-22dc59add3d9"
      }, {
        "type" : "solr-dynamic-field-name-mapping",
        "id" : "b0b726d4-46d9-4632-9e7e-f8ca2e37070a",
        "duplicateSingleValuedFields" : false,
        "fieldsToExclude" : [ ],
        "advancedTextFieldsIndexing" : true,
        "maxTextLengthForAdvancedIndexing" : 100,
        "type" : "solr-dynamic-field-name-mapping",
        "skip" : false,
        "licensed" : true,
        "secretSourceStageId" : "b0b726d4-46d9-4632-9e7e-f8ca2e37070a"
      }, {
        "type" : "solr-index",
        "id" : "02ce678d-9290-493c-be9b-5bfaebd19133",
        "enforceSchema" : true,
        "dateFormats" : [ ],
        "params" : [ ],
        "bufferDocsForSolr" : false,
        "type" : "solr-index",
        "skip" : false,
        "licensed" : true,
        "secretSourceStageId" : "02ce678d-9290-493c-be9b-5bfaebd19133"
      } ],
      "properties" : {
        "secretSourcePipelineId" : "pokedex"
      }
    } ],
    "queryPipelines" : [ {
      "id" : "pokedex",
      "stages" : [ {
        "type" : "recommendation",
        "id" : "1d859bd5-eb6a-4852-b0e6-582462eecf2c",
        "numRecommendations" : 10,
        "numSignals" : 100,
        "aggrType" : "click@doc_id,filters,query",
        "boostId" : "id",
        "boostingMethod" : "query-param",
        "boostingParam" : "boost",
        "queryParams" : [ {
          "key" : "qf",
          "value" : "query_t"
        }, {
          "key" : "pf",
          "value" : "query_t^50"
        }, {
          "key" : "pf",
          "value" : "query_t~3^20"
        }, {
          "key" : "pf2",
          "value" : "query_t^20"
        }, {
          "key" : "pf2",
          "value" : "query_t~3^10"
        }, {
          "key" : "pf3",
          "value" : "query_t^10"
        }, {
          "key" : "pf3",
          "value" : "query_t~3^5"
        }, {
          "key" : "boost",
          "value" : "map(query({!field f=query_s v=$q}),0,0,1,20)"
        }, {
          "key" : "mm",
          "value" : "50%"
        }, {
          "key" : "defType",
          "value" : "edismax"
        }, {
          "key" : "sort",
          "value" : "score desc, weight_d desc"
        } ],
        "rollupField" : "doc_id_s",
        "rollupWeightField" : "weight_d",
        "weightExpression" : "math:log(weight_d + 1) + 10 * math:log(score+1)",
        "rollupWeightStrategy" : "max",
        "type" : "recommendation",
        "skip" : false,
        "licensed" : true,
        "secretSourceStageId" : "1d859bd5-eb6a-4852-b0e6-582462eecf2c"
      }, {
        "type" : "search-fields",
        "id" : "d64b75b2-c633-402b-8296-39242dfd4c36",
        "rows" : 10,
        "start" : 0,
        "queryFields" : [ ],
        "returnFields" : [ "*", "score" ],
        "type" : "search-fields",
        "skip" : false,
        "licensed" : true,
        "secretSourceStageId" : "d64b75b2-c633-402b-8296-39242dfd4c36"
      }, {
        "type" : "facet",
        "id" : "d1924f6e-74df-4d24-8a1a-2d9cc8f0d7ce",
        "fieldFacets" : [ ],
        "type" : "facet",
        "skip" : false,
        "licensed" : true,
        "secretSourceStageId" : "d1924f6e-74df-4d24-8a1a-2d9cc8f0d7ce"
      }, {
        "type" : "solr-query",
        "id" : "478d969d-ee74-4732-a96a-47eea06d4825",
        "allowedRequestHandlers" : [ ],
        "httpMethod" : "POST",
        "allowFederatedSearch" : false,
        "type" : "solr-query",
        "skip" : false,
        "licensed" : true,
        "secretSourceStageId" : "478d969d-ee74-4732-a96a-47eea06d4825"
      } ],
      "properties" : {
        "secretSourcePipelineId" : "pokedex"
      }
    } ],
    "features" : {
      "pokedex_signals_aggr" : [ {
        "name" : "partitionByTime",
        "collectionId" : "pokedex_signals_aggr",
        "params" : { },
        "enabled" : false
      }, {
        "name" : "signals",
        "collectionId" : "pokedex_signals_aggr",
        "params" : { },
        "enabled" : false
      }, {
        "name" : "searchLogs",
        "collectionId" : "pokedex_signals_aggr",
        "params" : { },
        "enabled" : false
      }, {
        "name" : "recommendations",
        "collectionId" : "pokedex_signals_aggr",
        "params" : {
          "idField" : "id",
          "itemsForUser" : true,
          "itemsForQuery" : false,
          "itemsForItem" : true,
          "queriesForQuery" : false
        },
        "enabled" : false
      } ],
      "pokedex_signals" : [ {
        "name" : "partitionByTime",
        "collectionId" : "pokedex_signals",
        "params" : { },
        "enabled" : false
      }, {
        "name" : "signals",
        "collectionId" : "pokedex_signals",
        "params" : { },
        "enabled" : false
      }, {
        "name" : "searchLogs",
        "collectionId" : "pokedex_signals",
        "params" : { },
        "enabled" : false
      }, {
        "name" : "recommendations",
        "collectionId" : "pokedex_signals",
        "params" : {
          "idField" : "id",
          "itemsForUser" : true,
          "itemsForQuery" : false,
          "itemsForItem" : true,
          "queriesForQuery" : false
        },
        "enabled" : false
      } ],
      "pokedex" : [ {
        "name" : "partitionByTime",
        "collectionId" : "pokedex",
        "params" : { },
        "enabled" : false
      }, {
        "name" : "signals",
        "collectionId" : "pokedex",
        "params" : { },
        "enabled" : true
      }, {
        "name" : "searchLogs",
        "collectionId" : "pokedex",
        "params" : { },
        "enabled" : true
      }, {
        "name" : "recommendations",
        "collectionId" : "pokedex",
        "params" : {
          "idField" : "id",
          "itemsForUser" : true,
          "itemsForQuery" : false,
          "itemsForItem" : true,
          "queriesForQuery" : false
        },
        "enabled" : false
      } ]
    },
    "indexProfiles" : [ {
      "id" : "pokedex",
      "indexPipeline" : "pokedex",
      "collection" : "pokedex",
      "parser" : "pokedex",
      "params" : [ ]
    } ],
    "queryProfiles" : [ {
      "id" : "pokedex",
      "queryPipeline" : "pokedex",
      "collection" : "pokedex",
      "searchHandler" : "/select"
    } ],
    "parsers" : [ {
      "id" : "pokedex",
      "enableMediaTypeDetection" : true,
      "maxParserDepth" : 16,
      "parserStages" : [ {
        "type" : "archive",
        "enabled" : true,
        "mediaTypes" : [ ],
        "pathPatterns" : [ ],
        "errorHandling" : "mark",
        "id" : "d25732ec-a8c5-4e92-bca9-d6174791475b",
        "alwaysDetect" : true,
        "inheritMediaTypes" : true,
        "outputFieldPrefix" : ""
      }, {
        "type" : "csv",
        "enabled" : true,
        "mediaTypes" : [ ],
        "pathPatterns" : [ ],
        "errorHandling" : "mark",
        "id" : "3807f337-41bd-4a58-84fe-4d3e42fe56c0",
        "charset" : "detect",
        "ignoreBOM" : false,
        "autoDetect" : true,
        "hasHeaders" : true,
        "headers" : [ ],
        "fillValue" : "<FILL>",
        "trimWhitespace" : true,
        "skipEmptyLines" : true,
        "includeRowNumber" : true,
        "commentHandling" : "ignore",
        "maxRowLength" : 10485760,
        "maxNumColumns" : 1000,
        "maxColumnChars" : 10485760,
        "columnHandling" : "default",
        "inheritMediaTypes" : true,
        "outputFieldPrefix" : ""
      }, {
        "type" : "json",
        "enabled" : true,
        "mediaTypes" : [ ],
        "pathPatterns" : [ ],
        "errorHandling" : "mark",
        "id" : "d0a47528-5a8a-43bf-a3e5-3415b0c2d094",
        "splitArrays" : true,
        "includePath" : false,
        "mappings" : [ ],
        "listHandling" : "multivalued",
        "inheritMediaTypes" : true,
        "outputFieldPrefix" : ""
      }, {
        "type" : "xml",
        "enabled" : true,
        "mediaTypes" : [ ],
        "pathPatterns" : [ ],
        "errorHandling" : "mark",
        "id" : "6f146b2e-1995-4dba-96da-26deff6503d8",
        "rootPaths" : [ "/" ],
        "maxSize" : 65536,
        "listHandling" : "multivalued",
        "inheritMediaTypes" : true,
        "outputFieldPrefix" : ""
      }, {
        "type" : "html",
        "enabled" : true,
        "mediaTypes" : [ ],
        "pathPatterns" : [ ],
        "errorHandling" : "mark",
        "id" : "49dbb455-91d3-4a0e-9416-5913f35afe97",
        "charset" : "detect",
        "mappings" : [ ],
        "keepParent" : true,
        "extractHtmlLinks" : false,
        "extractBodyText" : true,
        "metatagsPrefix" : "",
        "inheritMediaTypes" : true,
        "outputFieldPrefix" : ""
      }, {
        "type" : "text",
        "enabled" : true,
        "mediaTypes" : [ ],
        "pathPatterns" : [ ],
        "errorHandling" : "mark",
        "id" : "db8b159e-ed3f-4785-b797-3edd537abea3",
        "charset" : "detect",
        "ignoreBOM" : false,
        "maxLength" : 1048576,
        "maxLineLength" : 1048576,
        "outputField" : "body",
        "splitLines" : false,
        "skipEmptyLines" : false,
        "skipHeaderLines" : 0,
        "trimWhitespace" : false,
        "commentHandling" : "include",
        "comment" : "#",
        "commentField" : "comment",
        "inheritMediaTypes" : true,
        "outputFieldPrefix" : ""
      }, {
        "type" : "tika",
        "enabled" : true,
        "mediaTypes" : [ ],
        "pathPatterns" : [ ],
        "errorHandling" : "mark",
        "id" : "3d63edf2-1593-41ef-b86f-9b5d132ed590",
        "includeImages" : false,
        "flattenCompound" : true,
        "addFailedDocs" : false,
        "addOriginalContent" : false,
        "contentEncoding" : "binary",
        "returnXml" : false,
        "keepOriginalStructure" : false,
        "extractHtmlLinks" : false,
        "extractOtherLinks" : false,
        "excludeContentTypes" : [ ],
        "zipBombCompressionRatio" : 200,
        "zipBombMaxDepth" : 200,
        "zipBombMaxPackageEntryDepth" : 20,
        "inheritMediaTypes" : true,
        "outputFieldPrefix" : ""
      }, {
        "type" : "fallback",
        "enabled" : true,
        "mediaTypes" : [ ],
        "pathPatterns" : [ ],
        "errorHandling" : "mark",
        "id" : "69ce900a-ed96-40f1-aa60-b59d30ea05d2",
        "metadataOnly" : false,
        "maxBytesToKeep" : 1048576,
        "inheritMediaTypes" : true,
        "outputFieldPrefix" : ""
      } ]
    } ],
    "objectGroups" : [ {
      "id" : "bb0a4d79-fdd7-49e1-b079-40f3c9cd40a6",
      "name" : "signals-pokedex",
      "isSystem" : true,
      "description" : "Collection 'pokedex' objects for signals support"
    } ],
    "links" : [ {
      "subject" : "group:bb0a4d79-fdd7-49e1-b079-40f3c9cd40a6",
      "object" : "collection:pokedex",
      "linkType" : "relatesTo",
      "originator" : "unspecified"
    }, {
      "subject" : "datasource:pokedex_data",
      "object" : "index-pipeline:pokedex",
      "linkType" : "dependsOn",
      "originator" : "unspecified"
    }, {
      "subject" : "group:bb0a4d79-fdd7-49e1-b079-40f3c9cd40a6",
      "object" : "collection:pokedex_signals_aggr",
      "linkType" : "hasPart",
      "originator" : "unspecified"
    }, {
      "subject" : "datasource:pokedex_data",
      "object" : "app:pokedex",
      "linkType" : "inContextOf",
      "originator" : "unspecified"
    }, {
      "subject" : "group:bb0a4d79-fdd7-49e1-b079-40f3c9cd40a6",
      "object" : "spark:pokedex_head_tail",
      "linkType" : "hasPart",
      "originator" : "unspecified"
    }, {
      "subject" : "parser:pokedex",
      "object" : "app:pokedex",
      "linkType" : "inContextOf",
      "originator" : "unspecified"
    }, {
      "subject" : "collection:pokedex",
      "object" : "index-pipeline:pokedex",
      "linkType" : "relatesTo",
      "originator" : "unspecified"
    }, {
      "subject" : "query-profile:pokedex",
      "object" : "query-pipeline:pokedex",
      "linkType" : "relatesTo",
      "originator" : "unspecified"
    }, {
      "subject" : "group:bb0a4d79-fdd7-49e1-b079-40f3c9cd40a6",
      "object" : "collection:pokedex_signals",
      "linkType" : "hasPart",
      "originator" : "unspecified"
    }, {
      "subject" : "datasource:pokedex_data",
      "object" : "collection:pokedex",
      "linkType" : "relatesTo",
      "originator" : "unspecified"
    }, {
      "subject" : "group:bb0a4d79-fdd7-49e1-b079-40f3c9cd40a6",
      "object" : "spark:pokedex_click_signals_aggregation",
      "linkType" : "hasPart",
      "originator" : "unspecified"
    }, {
      "subject" : "query-profile:pokedex",
      "object" : "collection:pokedex",
      "linkType" : "relatesTo",
      "originator" : "unspecified"
    }, {
      "subject" : "collection:pokedex",
      "object" : "query-pipeline:pokedex",
      "linkType" : "relatesTo",
      "originator" : "unspecified"
    }, {
      "subject" : "index-profile:pokedex",
      "object" : "collection:pokedex",
      "linkType" : "relatesTo",
      "originator" : "unspecified"
    }, {
      "subject" : "collection:pokedex",
      "object" : "app:pokedex",
      "linkType" : "inContextOf",
      "originator" : "unspecified"
    }, {
      "subject" : "app:pokedex",
      "object" : "group:_shared",
      "linkType" : "relatesTo",
      "originator" : "unspecified"
    }, {
      "subject" : "index-profile:pokedex",
      "object" : "app:pokedex",
      "linkType" : "inContextOf",
      "originator" : "unspecified"
    }, {
      "subject" : "group:bb0a4d79-fdd7-49e1-b079-40f3c9cd40a6",
      "object" : "spark:pokedex_user_item_preferences_aggregation",
      "linkType" : "hasPart",
      "originator" : "unspecified"
    }, {
      "subject" : "group:bb0a4d79-fdd7-49e1-b079-40f3c9cd40a6",
      "object" : "spark:pokedex_session_rollup",
      "linkType" : "hasPart",
      "originator" : "unspecified"
    }, {
      "subject" : "datasource:pokedex_data",
      "object" : "parser:pokedex",
      "linkType" : "dependsOn",
      "originator" : "unspecified"
    }, {
      "subject" : "datasource:pokedex_data",
      "object" : "blob:pokedex.json",
      "linkType" : "dependsOn",
      "originator" : "unspecified"
    }, {
      "subject" : "index-profile:pokedex",
      "object" : "index-pipeline:pokedex",
      "linkType" : "relatesTo",
      "originator" : "unspecified"
    }, {
      "subject" : "index-pipeline:pokedex",
      "object" : "app:pokedex",
      "linkType" : "inContextOf",
      "originator" : "unspecified"
    }, {
      "subject" : "group:bb0a4d79-fdd7-49e1-b079-40f3c9cd40a6",
      "object" : "spark:pokedex_user_query_history_aggregation",
      "linkType" : "hasPart",
      "originator" : "unspecified"
    } ],
    "jobs" : [ {
      "resource" : "spark:pokedex_session_rollup",
      "enabled" : true,
      "triggers" : [ {
        "type" : "interval",
        "enabled" : true,
        "interval" : 15,
        "timeUnit" : "minute",
        "startTime" : "2018-09-07T23:24:43.056Z",
        "type" : "interval"
      } ],
      "default" : false
    }, {
      "resource" : "spark:pokedex_head_tail",
      "enabled" : true,
      "triggers" : [ {
        "type" : "interval",
        "enabled" : true,
        "interval" : 1,
        "timeUnit" : "day",
        "startTime" : "2018-09-08T23:09:43.489Z",
        "type" : "interval"
      } ],
      "default" : false
    }, {
      "resource" : "spark:pokedex_user_query_history_aggregation",
      "enabled" : true,
      "triggers" : [ {
        "type" : "interval",
        "enabled" : true,
        "interval" : 1,
        "timeUnit" : "day",
        "startTime" : "2018-09-07T23:28:43.309Z",
        "type" : "interval"
      } ],
      "default" : false
    }, {
      "resource" : "spark:pokedex_click_signals_aggregation",
      "enabled" : true,
      "triggers" : [ {
        "type" : "interval",
        "enabled" : true,
        "interval" : 15,
        "timeUnit" : "minute",
        "startTime" : "2018-09-07T23:24:42.917Z",
        "type" : "interval"
      } ],
      "default" : false
    }, {
      "resource" : "spark:pokedex_user_item_preferences_aggregation",
      "enabled" : true,
      "triggers" : [ {
        "type" : "interval",
        "enabled" : true,
        "interval" : 1,
        "timeUnit" : "day",
        "startTime" : "2018-09-07T23:26:43.172Z",
        "type" : "interval"
      } ],
      "default" : false
    } ],
    "sparkJobs" : [ {
      "type" : "sql_template",
      "id" : "pokedex_user_query_history_aggregation",
      "inputCollection" : "pokedex_signals",
      "outputCollection" : "pokedex_signals_aggr",
      "sql" : "WITH signal_type_groups AS (\n    SELECT SUM(count_i) AS typed_aggr_count_i,\n           user_id,\n           query,\n           type,\n           time_decay(count_i, timestamp_tdt, \"30 days\", ref_time, weight_d) AS typed_weight_d\n      FROM ${inputCollection}\n     WHERE type IN (${signalTypes})\n  GROUP BY query, user_id, type\n ) SELECT SUM(typed_aggr_count_i) AS aggr_count_i,\n          user_id AS user_id_s,\n          query AS query_s,\n          weighted_sum(typed_weight_d, type, '${signalTypeWeights}') AS weight_d\n     FROM signal_type_groups\n GROUP BY user_id, query",
      "parameters" : [ {
        "key" : "signalTypeWeights",
        "value" : "click:1.0,cart:10.0,purchase:25.0"
      } ],
      "selectQuery" : "*:*",
      "sourceRemove" : false,
      "sourceCatchup" : true,
      "outputRollup" : true,
      "hiddenParameters" : [ {
        "key" : "signalTypes",
        "value" : "_regex/signalTypeWeights/([\\w\\-\\.]*):([\\d\\.\\-]*)(,|$)/'$1'$3/g"
      } ],
      "skipCheckEnabled" : true,
      "notes" : "Computes an aggregated weight for each user / query combination found in the signals collection. The weight for each group is computed using an exponential time-decay on signal count (30 day half-life) and a weighted sum based on the signal type. Use the 'signalTypeWeights' parameter to set the correct signal types and weights for your dataset. The results of this job can be used to boost queries for a user based on their past queries."
    }, {
      "type" : "sql_template",
      "id" : "pokedex_session_rollup",
      "inputCollection" : "pokedex_signals",
      "outputCollection" : "pokedex_signals",
      "sql" : "WITH session_agg AS (\n     SELECT COUNT(1) AS activity_count,\n            MIN(timestamp_tdt) AS start,\n            MAX(timestamp_tdt) AS end,\n            timediff(MAX(timestamp_tdt), MIN(timestamp_tdt), \"MINUTES\") AS duration,\n            'session' AS type,\n            first(user_id) AS user,\n            session_keywords(query) AS keywords,\n            session\n       FROM ${inputCollection}\n      WHERE timestamp_tdt IS NOT NULL\n        AND type != 'session'\n        AND session IS NOT NULL\n        AND session NOT IN (SELECT session FROM ${inputCollection} WHERE type = 'session' AND session IS NOT NULL)\n   GROUP BY session\n     HAVING timediff(current_timestamp(), MAX(timestamp_tdt), \"SECONDS\") >= ${elapsedSecsSinceLastActivity} OR timediff(current_timestamp(), MIN(timestamp_tdt), \"SECONDS\") >= ${elapsedSecsSinceSessionStart})\n SELECT activity_count, start, end, duration, type, user, keywords, session FROM session_agg",
      "parameters" : [ {
        "key" : "elapsedSecsSinceLastActivity",
        "value" : "360"
      }, {
        "key" : "elapsedSecsSinceSessionStart",
        "value" : "3600"
      } ],
      "selectQuery" : "*:*",
      "sourceRemove" : false,
      "sourceCatchup" : false,
      "outputRollup" : false,
      "hiddenParameters" : [ {
        "key" : "outputProjectedFieldsOnly",
        "value" : "true"
      } ],
      "skipCheckEnabled" : false,
      "notes" : "Aggregate related user activity into a session signal containing activity count, duration, and keywords (based on user search terms). This job is used by the Fusion Insights application to show reports about user sessions. Use the 'elapsedSecsSinceLastActivity' and 'elapsedSecsSinceSessionStart' parameters to determine when a user session is considered to be complete."
    }, {
      "type" : "sql_template",
      "id" : "pokedex_click_signals_aggregation",
      "inputCollection" : "pokedex_signals",
      "outputCollection" : "pokedex_signals_aggr",
      "sql" : "WITH sigs_with_filters AS (\n   SELECT c.query as query,\n          c.doc_id,\n          q.filters_s as filters,\n          c.type,\n          c.ref_time,\n          c.count_i,\n          c.timestamp_tdt,\n          c.weight_d\n     FROM ${inputCollection} c\n LEFT JOIN (SELECT id, filters_s FROM ${inputCollection} WHERE type='response') q ON q.id = c.fusion_query_id\n    WHERE c.type IN (${signalTypes})\n ), signal_type_groups AS (\n     SELECT SUM(count_i) AS typed_aggr_count_i,\n            query,\n            doc_id,\n            type,\n            filters,\n            time_decay(count_i, timestamp_tdt, \"30 days\", ref_time, weight_d) AS typed_weight_d\n       FROM sigs_with_filters\n   GROUP BY doc_id, query, filters, type\n ) SELECT SUM(typed_aggr_count_i) AS aggr_count_i,\n          query AS query_s,\n          query AS query_t,\n          doc_id AS doc_id_s,\n          filters AS filters_s,\n          SPLIT(filters, ' \\\\$ ') AS filters_ss,\n          weighted_sum(typed_weight_d, type, '${signalTypeWeights}') AS weight_d\n     FROM signal_type_groups\n GROUP BY query, doc_id, filters",
      "rollupSql" : "SELECT query_s,\n          query_s as query_t,\n          doc_id_s,\n          filters_s,\n          first(aggr_type_s) AS aggr_type_s,\n          SPLIT(filters_s, ' \\\\$ ') AS filters_ss,\n          SUM(weight_d) AS weight_d,\n          SUM(aggr_count_i) AS aggr_count_i\n     FROM pokedex_signals_aggr\n GROUP BY query_s, doc_id_s, filters_s",
      "parameters" : [ {
        "key" : "signalTypeWeights",
        "value" : "click:1.0,cart:10.0,purchase:25.0"
      } ],
      "selectQuery" : "*:*",
      "sourceRemove" : false,
      "sourceCatchup" : true,
      "outputRollup" : true,
      "hiddenParameters" : [ {
        "key" : "signalTypes",
        "value" : "_regex/signalTypeWeights/([\\w\\-\\.]*):([\\d\\.\\-]*)(,|$)/'$1'$3/g"
      }, {
        "key" : "optimizeOutput",
        "value" : "4"
      } ],
      "skipCheckEnabled" : true,
      "notes" : "Computes an aggregated weight for each query / item combination found in the signals collection. The weight for each group is computed using an exponential time-decay on signal count (30 day half-life) and a weighted sum based on the signal type. Use the 'signalTypeWeights' parameter to set the correct signal types and weights for your dataset. The results of this job can be used to boost documents at query time using the boosting stage."
    }, {
      "type" : "sql_template",
      "id" : "pokedex_user_item_preferences_aggregation",
      "inputCollection" : "pokedex_signals",
      "outputCollection" : "pokedex_signals_aggr",
      "sql" : "WITH signal_type_groups AS (\n    SELECT SUM(count_i) AS typed_aggr_count_i,\n           doc_id,\n           user_id,\n           type,\n           time_decay(count_i, timestamp_tdt, \"30 days\", ref_time, weight_d) AS typed_weight_d\n      FROM ${inputCollection}\n     WHERE type IN (${signalTypes})\n  GROUP BY user_id, doc_id, type\n ) SELECT SUM(typed_aggr_count_i) AS aggr_count_i,\n          doc_id AS doc_id_s,\n          user_id AS user_id_s,\n          weighted_sum(typed_weight_d, type, '${signalTypeWeights}') AS weight_d\n     FROM signal_type_groups\n GROUP BY doc_id, user_id",
      "parameters" : [ {
        "key" : "signalTypeWeights",
        "value" : "click:1.0,cart:10.0,purchase:25.0"
      } ],
      "selectQuery" : "*:*",
      "sourceRemove" : false,
      "sourceCatchup" : true,
      "outputRollup" : true,
      "hiddenParameters" : [ {
        "key" : "signalTypes",
        "value" : "_regex/signalTypeWeights/([\\w\\-\\.]*):([\\d\\.\\-]*)(,|$)/'$1'$3/g"
      } ],
      "skipCheckEnabled" : true,
      "notes" : "Computes an aggregated weight for each user / item combination found in the signals collection. The weight for each group is computed using an exponential time-decay on signal count (30 day half-life) and a weighted sum based on the signal type. Use the 'signalTypeWeights' parameter to set the correct signal types and weights for your dataset. The results of this job can be used as input to the ALS recommendation job."
    }, {
      "type" : "headTailAnalysis",
      "id" : "pokedex_head_tail",
      "randomSeed" : 1234,
      "trainingCollection" : "pokedex_signals",
      "outputCollection" : "pokedex_signals_aggr",
      "overwriteOutput" : true,
      "trainingDataFilterQuery" : "type:click OR type:response",
      "fieldToVectorize" : "query",
      "trainingDataFrameConfigOptions" : { },
      "analyzerConfigQuery" : "{ \"analyzers\": [ { \"name\": \"StdTokLowerStem\",\"charFilters\": [ { \"type\": \"htmlstrip\" } ],\"tokenizer\": { \"type\": \"standard\" },\"filters\": [{ \"type\": \"lowercase\" },{ \"type\": \"englishminimalstem\" }] }],\"fields\": [{ \"regex\": \".+\", \"analyzer\": \"StdTokLowerStem\" } ]}",
      "countField" : "count_i",
      "mainType" : "click",
      "filterType" : "response",
      "signalTypeField" : "type",
      "minCountMain" : 1,
      "minCountFilter" : 20,
      "queryLenThreshold" : 2,
      "userHead" : -1.0,
      "userTail" : -1.0,
      "topQ" : [ 100.0, 0.01 ],
      "trafficPerc" : [ 0.25, 0.5, 0.75 ],
      "lastTraffic" : [ 0.01 ],
      "trafficCount" : [ 5.0 ],
      "overlapThreshold" : 4,
      "lenScale" : 6,
      "overlapNumBoost" : 10.0,
      "headQueryCntBoost" : 1.0,
      "tailRewrite" : true,
      "dataFormat" : "solr",
      "trainingDataSamplingFraction" : 1.0,
      "stopwordsList" : [ ]
    } ],
    "blobs" : [ {
      "id" : "pokedex.json",
      "path" : "/pokedex.json",
      "dir" : "/",
      "filename" : "pokedex.json",
      "contentType" : "application/json",
      "size" : 85644,
      "modifiedTime" : "2018-09-07T23:11:38.244Z",
      "version" : 1610992213814149120,
      "md5" : "aa74534b0f834cd4568fe53c1d196791",
      "metadata" : {
        "resourceType" : "file"
      }
    } ],
    "fusionApps" : [ {
      "id" : "pokedex",
      "name" : "Headless Pokedex",
      "description" : "Headless version of the Pokedex application.  Build a UI for it!",
      "dataUri" : "/admin/App-Tile-06-460x160.png",
      "properties" : {
        "headerImageName" : "headerImage6",
        "tileColor" : "apps-blue",
        "previousCollectionId" : "pokedex"
      }
    } ],
    "dataSources" : [ {
      "id" : "pokedex_data",
      "created" : "2018-09-07T23:11:41.615Z",
      "modified" : "2018-09-07T23:11:41.615Z",
      "connector" : "lucid.fileupload",
      "type" : "fileupload",
      "pipeline" : "pokedex",
      "parserId" : "pokedex",
      "properties" : {
        "mediaType" : "application/octet-stream",
        "collection" : "pokedex",
        "fileId" : "pokedex.json"
      }
    } ]
  },
  "metadata" : {
    "formatVersion" : "1",
    "exportedBy" : "3fd2ba0a-1ca3-4b83-9276-c91e5fee74a2",
    "exportedDate" : "2018-09-13T22:25:13.262Z",
    "fusionVersion" : "4.1.0",
    "fusionGuid" : "af95eb9e-0f63-4923-ad3f-477e312b89f3"
  }
}